rxn_name,polymer_name,smiles_monomer_0,fn_group_name_monomer_0,IUPAC_name_monomer_0,smiles_monomer_1,fn_group_name_monomer_1,IUPAC_name_monomer_1,mechanism,smiles_monomer,smiles_polymer_DP2,smiles_polymer_DP3,smiles_polymer_DP6,smiles_polymer_DP18,num_monomers,Glass_Transition,Melt_Temp,Cp_solid_slope,Cp_solid_intercept,Cp_liquid_slope,Cp_liquid_intercept,log10_ElongBreak,YoungMod,Tensile_Strength,Density,log10_Permeability_CH4,log10_Permeability_CO2,log10_Permeability_N2,log10_Permeability_O2,log10_Permeability_H2,log10_Permeability_H2O
polyamide,"poly(1,5-bis(3-aminophenyl)penta-1,4-dien-3-one-co-hexanedioic acid)",[H]-[C](-[C](=[O])-[C](-[H])=[C](-[H])-[C]1=[C](-[H])-[C](-[H])=[C](-[H])-[C](-[N](-[H])-[H])=[C]-1-[H])=[C](-[H])-[C]1=[C](-[H])-[C](-[N](-[H])-[H])=[C](-[H])-[C](-[H])=[C]-1-[H],amine,"1,5-bis(3-aminophenyl)penta-1,4-dien-3-one",[H]-[O]-[C](=[O])-[C](-[H])(-[H])-[C](-[H])(-[H])-[C](-[H])(-[H])-[C](-[H])(-[H])-[C](=[O])-[O]-[H],carboxyl,hexanedioic acid,amide,O=C(O)CCCCC(=O)O.Nc1cccc(C=CC(=O)C=Cc2cccc(N)c2)c1,Nc1cccc(C=CC(=O)C=Cc2cccc(NC(=O)CCCCC(=O)O)c2)c1,O=C(C=Cc1cccc(NC(=O)CCCCC(=O)O)c1)C=Cc1cccc(NC(=O)CCCCC(=O)O)c1,Nc1cccc(C=CC(=O)C=Cc2cccc(NC(=O)CCCCC(=O)Nc3cccc(C=CC(=O)C=Cc4cccc(NC(=O)CCCCC(=O)Nc5cccc(C=CC(=O)C=Cc6cccc(NC(=O)CCCCC(=O)O)c6)c5)c4)c3)c2)c1,Nc1cccc(C=CC(=O)C=Cc2cccc(NC(=O)CCCCC(=O)Nc3cccc(C=CC(=O)C=Cc4cccc(NC(=O)CCCCC(=O)Nc5cccc(C=CC(=O)C=Cc6cccc(NC(=O)CCCCC(=O)Nc7cccc(C=CC(=O)C=Cc8cccc(NC(=O)CCCCC(=O)Nc9cccc(C=CC(=O)C=Cc%10cccc(NC(=O)CCCCC(=O)Nc%11cccc(C=CC(=O)C=Cc%12cccc(NC(=O)CCCCC(=O)Nc%13cccc(C=CC(=O)C=Cc%14cccc(NC(=O)CCCCC(=O)Nc%15cccc(C=CC(=O)C=Cc%16cccc(NC(=O)CCCCC(=O)Nc%17cccc(C=CC(=O)C=Cc%18cccc(NC(=O)CCCCC(=O)O)c%18)c%17)c%16)c%15)c%14)c%13)c%12)c%11)c%10)c9)c8)c7)c6)c5)c4)c3)c2)c1,2.0,,220.0,,,,,,,,1.19,,,,,,
polyamide,"poly(4-[4-[4-[1-[4-[4-(4-aminophenyl)-2-(trifluoromethyl)phenoxy]phenyl]cyclohexyl]phenoxy]-3-(trifluoromethyl)phenyl]aniline-co-5-tert-butylbenzene-1,3-dicarboxylic acid)",[H]-[C]1=[C](-[O]-[C]2=[C](-[H])-[C](-[H])=[C](-[C]3=[C](-[H])-[C](-[H])=[C](-[N](-[H])-[H])-[C](-[H])=[C]-3-[H])-[C](-[H])=[C]-2-[C](-[F])(-[F])-[F])-[C](-[H])=[C](-[H])-[C](-[C]2(-[C]3=[C](-[H])-[C](-[H])=[C](-[O]-[C]4=[C](-[H])-[C](-[H])=[C](-[C]5=[C](-[H])-[C](-[H])=[C](-[N](-[H])-[H])-[C](-[H])=[C]-5-[H])-[C](-[H])=[C]-4-[C](-[F])(-[F])-[F])-[C](-[H])=[C]-3-[H])-[C](-[H])(-[H])-[C](-[H])(-[H])-[C](-[H])(-[H])-[C](-[H])(-[H])-[C]-2(-[H])-[H])=[C]-1-[H],amine,4-[4-[4-[1-[4-[4-(4-aminophenyl)-2-(trifluoromethyl)phenoxy]phenyl]cyclohexyl]phenoxy]-3-(trifluoromethyl)phenyl]aniline,[H]-[O]-[C](=[O])-[C]1=[C](-[H])-[C](-[C](=[O])-[O]-[H])=[C](-[H])-[C](-[C](-[C](-[H])(-[H])-[H])(-[C](-[H])(-[H])-[H])-[C](-[H])(-[H])-[H])=[C]-1-[H],carboxyl,"5-tert-butylbenzene-1,3-dicarboxylic acid",amide,CC(C)(C)c1cc(C(=O)O)cc(C(=O)O)c1.Nc1ccc(-c2ccc(Oc3ccc(C4(c5ccc(Oc6ccc(-c7ccc(N)cc7)cc6C(F)(F)F)cc5)CCCCC4)cc3)c(C(F)(F)F)c2)cc1,CC(C)(C)c1cc(C(=O)O)cc(C(=O)Nc2ccc(-c3ccc(Oc4ccc(C5(c6ccc(Oc7ccc(-c8ccc(N)cc8)cc7C(F)(F)F)cc6)CCCCC5)cc4)c(C(F)(F)F)c3)cc2)c1,CC(C)(C)c1cc(C(=O)Nc2ccc(-c3ccc(Oc4ccc(C5(c6ccc(Oc7ccc(-c8ccc(N)cc8)cc7C(F)(F)F)cc6)CCCCC5)cc4)c(C(F)(F)F)c3)cc2)cc(C(=O)Nc2ccc(-c3ccc(Oc4ccc(C5(c6ccc(Oc7ccc(-c8ccc(N)cc8)cc7C(F)(F)F)cc6)CCCCC5)cc4)c(C(F)(F)F)c3)cc2)c1,CC(C)(C)c1cc(C(=O)O)cc(C(=O)Nc2ccc(-c3ccc(Oc4ccc(C5(c6ccc(Oc7ccc(-c8ccc(NC(=O)c9cc(C(=O)Nc%10ccc(-c%11ccc(Oc%12ccc(C%13(c%14ccc(Oc%15ccc(-c%16ccc(NC(=O)c%17cc(C(=O)Nc%18ccc(-c%19ccc(Oc%20ccc(C%21(c%22ccc(Oc%23ccc(-c%24ccc(N)cc%24)cc%23C(F)(F)F)cc%22)CCCCC%21)cc%20)c(C(F)(F)F)c%19)cc%18)cc(C(C)(C)C)c%17)cc%16)cc%15C(F)(F)F)cc%14)CCCCC%13)cc%12)c(C(F)(F)F)c%11)cc%10)cc(C(C)(C)C)c9)cc8)cc7C(F)(F)F)cc6)CCCCC5)cc4)c(C(F)(F)F)c3)cc2)c1,CC(C)(C)c1cc(C(=O)O)cc(C(=O)Nc2ccc(-c3ccc(Oc4ccc(C5(c6ccc(Oc7ccc(-c8ccc(NC(=O)c9cc(C(=O)Nc%10ccc(-c%11ccc(Oc%12ccc(C%13(c%14ccc(Oc%15ccc(-c%16ccc(NC(=O)c%17cc(C(=O)Nc%18ccc(-c%19ccc(Oc%20ccc(C%21(c%22ccc(Oc%23ccc(-c%24ccc(NC(=O)c%25cc(C(=O)Nc%26ccc(-c%27ccc(Oc%28ccc(C%29(c%30ccc(Oc%31ccc(-c%32ccc(NC(=O)c%33cc(C(=O)Nc%34ccc(-c%35ccc(Oc%36ccc(C%37(c%38ccc(Oc%39ccc(-c%40ccc(NC(=O)c%41cc(C(=O)Nc%42ccc(-c%43ccc(Oc%44ccc(C%45(c%46ccc(Oc%47ccc(-c%48ccc(NC(=O)c%49cc(C(=O)Nc%50ccc(-c%51ccc(Oc%52ccc(C%53(c%54ccc(Oc%55ccc(-c%56ccc(NC(=O)c%57cc(C(=O)Nc%58ccc(-c%59ccc(Oc%60ccc(C%61(c%62ccc(Oc%63ccc(-c%64ccc(NC(=O)c%65cc(C(=O)Nc%66ccc(-c%67ccc(Oc%68ccc(C%69(c%70ccc(Oc%71ccc(-c%72ccc(N)cc%72)cc%71C(F)(F)F)cc%70)CCCCC%69)cc%68)c(C(F)(F)F)c%67)cc%66)cc(C(C)(C)C)c%65)cc%64)cc%63C(F)(F)F)cc%62)CCCCC%61)cc%60)c(C(F)(F)F)c%59)cc%58)cc(C(C)(C)C)c%57)cc%56)cc%55C(F)(F)F)cc%54)CCCCC%53)cc%52)c(C(F)(F)F)c%51)cc%50)cc(C(C)(C)C)c%49)cc%48)cc%47C(F)(F)F)cc%46)CCCCC%45)cc%44)c(C(F)(F)F)c%43)cc%42)cc(C(C)(C)C)c%41)cc%40)cc%39C(F)(F)F)cc%38)CCCCC%37)cc%36)c(C(F)(F)F)c%35)cc%34)cc(C(C)(C)C)c%33)cc%32)cc%31C(F)(F)F)cc%30)CCCCC%29)cc%28)c(C(F)(F)F)c%27)cc%26)cc(C(C)(C)C)c%25)cc%24)cc%23C(F)(F)F)cc%22)CCCCC%21)cc%20)c(C(F)(F)F)c%19)cc%18)cc(C(C)(C)C)c%17)cc%16)cc%15C(F)(F)F)cc%14)CCCCC%13)cc%12)c(C(F)(F)F)c%11)cc%10)cc(C(C)(C)C)c9)cc8)cc7C(F)(F)F)cc6)CCCCC5)cc4)c(C(F)(F)F)c3)cc2)c1,2.0,258.0,,,,,,0.84509804,679.0,,1.26,-0.04575749056,1.482873584,0.0,0.7993405495,,
polyamide,"poly(4-[4-[4-[1-[4-[4-(4-aminophenyl)-2-(trifluoromethyl)phenoxy]phenyl]cyclohexyl]phenoxy]-3-(trifluoromethyl)phenyl]aniline-co-naphthalene-2,6-dicarboxylic acid)",[H]-[C]1=[C](-[O]-[C]2=[C](-[H])-[C](-[H])=[C](-[C]3=[C](-[H])-[C](-[H])=[C](-[N](-[H])-[H])-[C](-[H])=[C]-3-[H])-[C](-[H])=[C]-2-[C](-[F])(-[F])-[F])-[C](-[H])=[C](-[H])-[C](-[C]2(-[C]3=[C](-[H])-[C](-[H])=[C](-[O]-[C]4=[C](-[H])-[C](-[H])=[C](-[C]5=[C](-[H])-[C](-[H])=[C](-[N](-[H])-[H])-[C](-[H])=[C]-5-[H])-[C](-[H])=[C]-4-[C](-[F])(-[F])-[F])-[C](-[H])=[C]-3-[H])-[C](-[H])(-[H])-[C](-[H])(-[H])-[C](-[H])(-[H])-[C](-[H])(-[H])-[C]-2(-[H])-[H])=[C]-1-[H],amine,4-[4-[4-[1-[4-[4-(4-aminophenyl)-2-(trifluoromethyl)phenoxy]phenyl]cyclohexyl]phenoxy]-3-(trifluoromethyl)phenyl]aniline,[H]-[O]-[C](=[O])-[C]1=[C](-[H])-[C](-[H])=[C]2-[C](-[H])=[C](-[C](=[O])-[O]-[H])-[C](-[H])=[C](-[H])-[C]-2=[C]-1-[H],carboxyl,"naphthalene-2,6-dicarboxylic acid",amide,O=C(O)c1ccc2cc(C(=O)O)ccc2c1.Nc1ccc(-c2ccc(Oc3ccc(C4(c5ccc(Oc6ccc(-c7ccc(N)cc7)cc6C(F)(F)F)cc5)CCCCC4)cc3)c(C(F)(F)F)c2)cc1,Nc1ccc(-c2ccc(Oc3ccc(C4(c5ccc(Oc6ccc(-c7ccc(NC(=O)c8ccc9cc(C(=O)O)ccc9c8)cc7)cc6C(F)(F)F)cc5)CCCCC4)cc3)c(C(F)(F)F)c2)cc1,Nc1ccc(-c2ccc(Oc3ccc(C4(c5ccc(Oc6ccc(-c7ccc(NC(=O)c8ccc9cc(C(=O)Nc%10ccc(-c%11ccc(Oc%12ccc(C%13(c%14ccc(Oc%15ccc(-c%16ccc(N)cc%16)cc%15C(F)(F)F)cc%14)CCCCC%13)cc%12)c(C(F)(F)F)c%11)cc%10)ccc9c8)cc7)cc6C(F)(F)F)cc5)CCCCC4)cc3)c(C(F)(F)F)c2)cc1,Nc1ccc(-c2ccc(Oc3ccc(C4(c5ccc(Oc6ccc(-c7ccc(NC(=O)c8ccc9cc(C(=O)Nc%10ccc(-c%11ccc(Oc%12ccc(C%13(c%14ccc(Oc%15ccc(-c%16ccc(NC(=O)c%17ccc%18cc(C(=O)Nc%19ccc(-c%20ccc(Oc%21ccc(C%22(c%23ccc(Oc%24ccc(-c%25ccc(NC(=O)c%26ccc%27cc(C(=O)O)ccc%27c%26)cc%25)cc%24C(F)(F)F)cc%23)CCCCC%22)cc%21)c(C(F)(F)F)c%20)cc%19)ccc%18c%17)cc%16)cc%15C(F)(F)F)cc%14)CCCCC%13)cc%12)c(C(F)(F)F)c%11)cc%10)ccc9c8)cc7)cc6C(F)(F)F)cc5)CCCCC4)cc3)c(C(F)(F)F)c2)cc1,Nc1ccc(-c2ccc(Oc3ccc(C4(c5ccc(Oc6ccc(-c7ccc(NC(=O)c8ccc9cc(C(=O)Nc%10ccc(-c%11ccc(Oc%12ccc(C%13(c%14ccc(Oc%15ccc(-c%16ccc(NC(=O)c%17ccc%18cc(C(=O)Nc%19ccc(-c%20ccc(Oc%21ccc(C%22(c%23ccc(Oc%24ccc(-c%25ccc(NC(=O)c%26ccc%27cc(C(=O)Nc%28ccc(-c%29ccc(Oc%30ccc(C%31(c%32ccc(Oc%33ccc(-c%34ccc(NC(=O)c%35ccc%36cc(C(=O)Nc%37ccc(-c%38ccc(Oc%39ccc(C%40(c%41ccc(Oc%42ccc(-c%43ccc(NC(=O)c%44ccc%45cc(C(=O)Nc%46ccc(-c%47ccc(Oc%48ccc(C%49(c%50ccc(Oc%51ccc(-c%52ccc(NC(=O)c%53ccc%54cc(C(=O)Nc%55ccc(-c%56ccc(Oc%57ccc(C%58(c%59ccc(Oc%60ccc(-c%61ccc(NC(=O)c%62ccc%63cc(C(=O)Nc%64ccc(-c%65ccc(Oc%66ccc(C%67(c%68ccc(Oc%69ccc(-c%70ccc(NC(=O)c%71ccc%72cc(C(=O)Nc%73ccc(-c%74ccc(Oc%75ccc(C%76(c%77ccc(Oc%78ccc(-c%79ccc(NC(=O)c%80ccc%81cc(C(=O)O)ccc%81c%80)cc%79)cc%78C(F)(F)F)cc%77)CCCCC%76)cc%75)c(C(F)(F)F)c%74)cc%73)ccc%72c%71)cc%70)cc%69C(F)(F)F)cc%68)CCCCC%67)cc%66)c(C(F)(F)F)c%65)cc%64)ccc%63c%62)cc%61)cc%60C(F)(F)F)cc%59)CCCCC%58)cc%57)c(C(F)(F)F)c%56)cc%55)ccc%54c%53)cc%52)cc%51C(F)(F)F)cc%50)CCCCC%49)cc%48)c(C(F)(F)F)c%47)cc%46)ccc%45c%44)cc%43)cc%42C(F)(F)F)cc%41)CCCCC%40)cc%39)c(C(F)(F)F)c%38)cc%37)ccc%36c%35)cc%34)cc%33C(F)(F)F)cc%32)CCCCC%31)cc%30)c(C(F)(F)F)c%29)cc%28)ccc%27c%26)cc%25)cc%24C(F)(F)F)cc%23)CCCCC%22)cc%21)c(C(F)(F)F)c%20)cc%19)ccc%18c%17)cc%16)cc%15C(F)(F)F)cc%14)CCCCC%13)cc%12)c(C(F)(F)F)c%11)cc%10)ccc9c8)cc7)cc6C(F)(F)F)cc5)CCCCC4)cc3)c(C(F)(F)F)c2)cc1,2.0,,,,,,,1.255272505,898.0,,1.45,-1.15490196,0.6532125138,-0.8239087409,0.2041199827,,
polyamide,"poly(4-[4-amino-2-(trifluoromethyl)phenyl]-3-(trifluoromethyl)aniline-co-1-(4-carboxyphenyl)-1,3,3-trimethyl-2h-indene-5-carboxylic acid)",[H]-[C]1=[C](-[C]2=[C](-[H])-[C](-[H])=[C](-[N](-[H])-[H])-[C](-[H])=[C]-2-[C](-[F])(-[F])-[F])-[C](-[C](-[F])(-[F])-[F])=[C](-[H])-[C](-[N](-[H])-[H])=[C]-1-[H],amine,4-[4-amino-2-(trifluoromethyl)phenyl]-3-(trifluoromethyl)aniline,[H]-[O]-[C](=[O])-[C]1=[C](-[H])-[C](-[H])=[C](-[C]2(-[C](-[H])(-[H])-[H])-[C]3=[C](-[H])-[C](-[H])=[C](-[C](=[O])-[O]-[H])-[C](-[H])=[C]-3-[C](-[C](-[H])(-[H])-[H])(-[C](-[H])(-[H])-[H])-[C]-2(-[H])-[H])-[C](-[H])=[C]-1-[H],carboxyl,"1-(4-carboxyphenyl)-1,3,3-trimethyl-2H-indene-5-carboxylic acid",amide,Nc1ccc(-c2ccc(N)cc2C(F)(F)F)c(C(F)(F)F)c1.CC1(C)CC(C)(c2ccc(C(=O)O)cc2)c2ccc(C(=O)O)cc21,CC1(C)CC(C)(c2ccc(C(=O)O)cc2)c2ccc(C(=O)Nc3ccc(-c4ccc(N)cc4C(F)(F)F)c(C(F)(F)F)c3)cc21,CC1(C)CC(C)(c2ccc(C(=O)Nc3ccc(-c4ccc(N)cc4C(F)(F)F)c(C(F)(F)F)c3)cc2)c2ccc(C(=O)Nc3ccc(-c4ccc(N)cc4C(F)(F)F)c(C(F)(F)F)c3)cc21,CC1(C)CC(C)(c2ccc(C(=O)Nc3ccc(-c4ccc(N)cc4C(F)(F)F)c(C(F)(F)F)c3)cc2)c2ccc(C(=O)Nc3ccc(-c4ccc(NC(=O)c5ccc(C6(C)CC(C)(C)c7cc(C(=O)Nc8ccc(-c9ccc(NC(=O)c%10ccc%11c(c%10)C(C)(C)CC%11(C)c%10ccc(C(=O)O)cc%10)cc9C(F)(F)F)c(C(F)(F)F)c8)ccc76)cc5)cc4C(F)(F)F)c(C(F)(F)F)c3)cc21,CC1(C)CC(C)(c2ccc(C(=O)Nc3ccc(-c4ccc(NC(=O)c5ccc(C6(C)CC(C)(C)c7cc(C(=O)Nc8ccc(-c9ccc(NC(=O)c%10ccc(C%11(C)CC(C)(C)c%12cc(C(=O)Nc%13ccc(-c%14ccc(NC(=O)c%15ccc%16c(c%15)C(C)(C)CC%16(C)c%15ccc(C(=O)Nc%16ccc(-c%17ccc(NC(=O)c%18ccc(C%19(C)CC(C)(C)c%20cc(C(=O)Nc%21ccc(-c%22ccc(NC(=O)c%23ccc%24c(c%23)C(C)(C)CC%24(C)c%23ccc(C(=O)Nc%24ccc(-c%25ccc(NC(=O)c%26ccc%27c(c%26)C(C)(C)CC%27(C)c%26ccc(C(=O)Nc%27ccc(-c%28ccc(N)cc%28C(F)(F)F)c(C(F)(F)F)c%27)cc%26)cc%25C(F)(F)F)c(C(F)(F)F)c%24)cc%23)cc%22C(F)(F)F)c(C(F)(F)F)c%21)ccc%20%19)cc%18)cc%17C(F)(F)F)c(C(F)(F)F)c%16)cc%15)cc%14C(F)(F)F)c(C(F)(F)F)c%13)ccc%12%11)cc%10)cc9C(F)(F)F)c(C(F)(F)F)c8)ccc76)cc5)cc4C(F)(F)F)c(C(F)(F)F)c3)cc2)c2ccc(C(=O)Nc3ccc(-c4ccc(NC(=O)c5ccc(C6(C)CC(C)(C)c7cc(C(=O)Nc8ccc(-c9ccc(NC(=O)c%10ccc%11c(c%10)C(C)(C)CC%11(C)c%10ccc(C(=O)O)cc%10)cc9C(F)(F)F)c(C(F)(F)F)c8)ccc76)cc5)cc4C(F)(F)F)c(C(F)(F)F)c3)cc21,2.0,,,,,,,,,,1.271,-0.04575749056,1.494154594,0.1139433523,0.8662873391,,
polyamide,"poly(hexane-1,6-diamine-co-decanedioic acid)",[H]-[N](-[H])-[C](-[H])(-[H])-[C](-[H])(-[H])-[C](-[H])(-[H])-[C](-[H])(-[H])-[C](-[H])(-[H])-[C](-[H])(-[H])-[N](-[H])-[H],amine,"HEXANE-1,6-DIAMINE",[H]-[O]-[C](=[O])-[C](-[H])(-[H])-[C](-[H])(-[H])-[C](-[H])(-[H])-[C](-[H])(-[H])-[C](-[H])(-[H])-[C](-[H])(-[H])-[C](-[H])(-[H])-[C](-[H])(-[H])-[C](=[O])-[O]-[H],carboxyl,Decanedioic acid,amide,NCCCCCCN.O=C(O)CCCCCCCCC(=O)O,NCCCCCCNC(=O)CCCCCCCCC(=O)O,NCCCCCCNC(=O)CCCCCCCCC(=O)NCCCCCCN,NCCCCCCNC(=O)CCCCCCCCC(=O)NCCCCCCNC(=O)CCCCCCCCC(=O)NCCCCCCNC(=O)CCCCCCCCC(=O)O,NCCCCCCNC(=O)CCCCCCCCC(=O)NCCCCCCNC(=O)CCCCCCCCC(=O)NCCCCCCNC(=O)CCCCCCCCC(=O)NCCCCCCNC(=O)CCCCCCCCC(=O)NCCCCCCNC(=O)CCCCCCCCC(=O)NCCCCCCNC(=O)CCCCCCCCC(=O)NCCCCCCNC(=O)CCCCCCCCC(=O)NCCCCCCNC(=O)CCCCCCCCC(=O)NCCCCCCNC(=O)CCCCCCCCC(=O)O,2.0,45.0,,,,,,,1989.7,,1.04,,,,,,
polyamide,"poly(hexane-1,6-diamine-co-hexanedioic acid)",[H]-[N](-[H])-[C](-[H])(-[H])-[C](-[H])(-[H])-[C](-[H])(-[H])-[C](-[H])(-[H])-[C](-[H])(-[H])-[C](-[H])(-[H])-[N](-[H])-[H],amine,"HEXANE-1,6-DIAMINE",[H]-[O]-[C](=[O])-[C](-[H])(-[H])-[C](-[H])(-[H])-[C](-[H])(-[H])-[C](-[H])(-[H])-[C](=[O])-[O]-[H],carboxyl,hexanedioic acid,amide,NCCCCCCN.O=C(O)CCCCC(=O)O,NCCCCCCNC(=O)CCCCC(=O)O,NCCCCCCNC(=O)CCCCC(=O)NCCCCCCN,NCCCCCCNC(=O)CCCCC(=O)NCCCCCCNC(=O)CCCCC(=O)NCCCCCCNC(=O)CCCCC(=O)O,NCCCCCCNC(=O)CCCCC(=O)NCCCCCCNC(=O)CCCCC(=O)NCCCCCCNC(=O)CCCCC(=O)NCCCCCCNC(=O)CCCCC(=O)NCCCCCCNC(=O)CCCCC(=O)NCCCCCCNC(=O)CCCCC(=O)NCCCCCCNC(=O)CCCCC(=O)NCCCCCCNC(=O)CCCCC(=O)NCCCCCCNC(=O)CCCCC(=O)O,2.0,50.425,,1.138,8.1,0.4683,351.14,,3042.0,,1.11,,,,,,
polycarbonate_phosgene,poly(4-[(4-hydroxyphenyl)methyl]phenol-co-carbonyl dichloride),[H]-[O]-[C]1=[C](-[H])-[C](-[H])=[C](-[C](-[H])(-[H])-[C]2=[C](-[H])-[C](-[H])=[C](-[O]-[H])-[C](-[H])=[C]-2-[H])-[C](-[H])=[C]-1-[H],hydroxyl,4-[(4-hydroxyphenyl)methyl]phenol,[O]=[C](-[Cl])-[Cl],acyl_chloride,Carbonyl dichloride,carbonate,O=C(Cl)Cl.Oc1ccc(Cc2ccc(O)cc2)cc1,O=C(Cl)Oc1ccc(Cc2ccc(O)cc2)cc1,O=C(Oc1ccc(Cc2ccc(O)cc2)cc1)Oc1ccc(Cc2ccc(O)cc2)cc1,O=C(Cl)Oc1ccc(Cc2ccc(OC(=O)Oc3ccc(Cc4ccc(OC(=O)Oc5ccc(Cc6ccc(O)cc6)cc5)cc4)cc3)cc2)cc1,O=C(Cl)Oc1ccc(Cc2ccc(OC(=O)Oc3ccc(Cc4ccc(OC(=O)Oc5ccc(Cc6ccc(OC(=O)Oc7ccc(Cc8ccc(OC(=O)Oc9ccc(Cc%10ccc(OC(=O)Oc%11ccc(Cc%12ccc(OC(=O)Oc%13ccc(Cc%14ccc(OC(=O)Oc%15ccc(Cc%16ccc(OC(=O)Oc%17ccc(Cc%18ccc(O)cc%18)cc%17)cc%16)cc%15)cc%14)cc%13)cc%12)cc%11)cc%10)cc9)cc8)cc7)cc6)cc5)cc4)cc3)cc2)cc1,2.0,108.675,,,,,,,,,1.24,,,,,,
polycarbonate_phosgene,"poly(4-[1,1,1,3,3,3-hexafluoro-2-(4-hydroxyphenyl)propan-2-yl]phenol-co-carbonyl dichloride)",[H]-[O]-[C]1=[C](-[H])-[C](-[H])=[C](-[C](-[C]2=[C](-[H])-[C](-[H])=[C](-[O]-[H])-[C](-[H])=[C]-2-[H])(-[C](-[F])(-[F])-[F])-[C](-[F])(-[F])-[F])-[C](-[H])=[C]-1-[H],hydroxyl,"4-[1,1,1,3,3,3-hexafluoro-2-(4-hydroxyphenyl)propan-2-yl]phenol",[O]=[C](-[Cl])-[Cl],acyl_chloride,Carbonyl dichloride,carbonate,O=C(Cl)Cl.Oc1ccc(C(c2ccc(O)cc2)(C(F)(F)F)C(F)(F)F)cc1,O=C(Cl)Oc1ccc(C(c2ccc(O)cc2)(C(F)(F)F)C(F)(F)F)cc1,O=C(Oc1ccc(C(c2ccc(O)cc2)(C(F)(F)F)C(F)(F)F)cc1)Oc1ccc(C(c2ccc(O)cc2)(C(F)(F)F)C(F)(F)F)cc1,O=C(Cl)Oc1ccc(C(c2ccc(OC(=O)Oc3ccc(C(c4ccc(OC(=O)Oc5ccc(C(c6ccc(O)cc6)(C(F)(F)F)C(F)(F)F)cc5)cc4)(C(F)(F)F)C(F)(F)F)cc3)cc2)(C(F)(F)F)C(F)(F)F)cc1,O=C(Cl)Oc1ccc(C(c2ccc(OC(=O)Oc3ccc(C(c4ccc(OC(=O)Oc5ccc(C(c6ccc(OC(=O)Oc7ccc(C(c8ccc(OC(=O)Oc9ccc(C(c%10ccc(OC(=O)Oc%11ccc(C(c%12ccc(OC(=O)Oc%13ccc(C(c%14ccc(OC(=O)Oc%15ccc(C(c%16ccc(OC(=O)Oc%17ccc(C(c%18ccc(O)cc%18)(C(F)(F)F)C(F)(F)F)cc%17)cc%16)(C(F)(F)F)C(F)(F)F)cc%15)cc%14)(C(F)(F)F)C(F)(F)F)cc%13)cc%12)(C(F)(F)F)C(F)(F)F)cc%11)cc%10)(C(F)(F)F)C(F)(F)F)cc9)cc8)(C(F)(F)F)C(F)(F)F)cc7)cc6)(C(F)(F)F)C(F)(F)F)cc5)cc4)(C(F)(F)F)C(F)(F)F)cc3)cc2)(C(F)(F)F)C(F)(F)F)cc1,2.0,176.0,,,,,,,,,1.479,0.01775892332,1.380211242,0.2256874444,0.8388490907,,
polycarbonate_phosgene,poly(4-[2-(4-hydroxy-3-methylphenyl)propan-2-yl]-2-methylphenol-co-carbonyl dichloride),[H]-[O]-[C]1=[C](-[H])-[C](-[H])=[C](-[C](-[C]2=[C](-[H])-[C](-[H])=[C](-[O]-[H])-[C](-[C](-[H])(-[H])-[H])=[C]-2-[H])(-[C](-[H])(-[H])-[H])-[C](-[H])(-[H])-[H])-[C](-[H])=[C]-1-[C](-[H])(-[H])-[H],hydroxyl,4-[2-(4-hydroxy-3-methylphenyl)propan-2-yl]-2-methylphenol,[O]=[C](-[Cl])-[Cl],acyl_chloride,Carbonyl dichloride,carbonate,O=C(Cl)Cl.Cc1cc(C(C)(C)c2ccc(O)c(C)c2)ccc1O,Cc1cc(C(C)(C)c2ccc(OC(=O)Cl)c(C)c2)ccc1O,Cc1cc(C(C)(C)c2ccc(OC(=O)Oc3ccc(C(C)(C)c4ccc(O)c(C)c4)cc3C)c(C)c2)ccc1O,Cc1cc(C(C)(C)c2ccc(OC(=O)Oc3ccc(C(C)(C)c4ccc(OC(=O)Oc5ccc(C(C)(C)c6ccc(OC(=O)Cl)c(C)c6)cc5C)c(C)c4)cc3C)c(C)c2)ccc1O,Cc1cc(C(C)(C)c2ccc(OC(=O)Oc3ccc(C(C)(C)c4ccc(OC(=O)Oc5ccc(C(C)(C)c6ccc(OC(=O)Oc7ccc(C(C)(C)c8ccc(OC(=O)Oc9ccc(C(C)(C)c%10ccc(OC(=O)Oc%11ccc(C(C)(C)c%12ccc(OC(=O)Oc%13ccc(C(C)(C)c%14ccc(OC(=O)Oc%15ccc(C(C)(C)c%16ccc(OC(=O)Oc%17ccc(C(C)(C)c%18ccc(OC(=O)Cl)c(C)c%18)cc%17C)c(C)c%16)cc%15C)c(C)c%14)cc%13C)c(C)c%12)cc%11C)c(C)c%10)cc9C)c(C)c8)cc7C)c(C)c6)cc5C)c(C)c4)cc3C)c(C)c2)ccc1O,2.0,124.0,,,,,,,,,1.183,,0.03742649794,,-0.5228787453,,
polycarbonate_phosgene,poly(4-[2-(4-hydroxyphenyl)pentan-2-yl]phenol-co-carbonyl dichloride),[H]-[O]-[C]1=[C](-[H])-[C](-[H])=[C](-[C](-[C]2=[C](-[H])-[C](-[H])=[C](-[O]-[H])-[C](-[H])=[C]-2-[H])(-[C](-[H])(-[H])-[H])-[C](-[H])(-[H])-[C](-[H])(-[H])-[C](-[H])(-[H])-[H])-[C](-[H])=[C]-1-[H],hydroxyl,4-[2-(4-hydroxyphenyl)pentan-2-yl]phenol,[O]=[C](-[Cl])-[Cl],acyl_chloride,Carbonyl dichloride,carbonate,O=C(Cl)Cl.CCCC(C)(c1ccc(O)cc1)c1ccc(O)cc1,CCCC(C)(c1ccc(O)cc1)c1ccc(OC(=O)Cl)cc1,CCCC(C)(c1ccc(O)cc1)c1ccc(OC(=O)Oc2ccc(C(C)(CCC)c3ccc(O)cc3)cc2)cc1,CCCC(C)(c1ccc(O)cc1)c1ccc(OC(=O)Oc2ccc(C(C)(CCC)c3ccc(OC(=O)Oc4ccc(C(C)(CCC)c5ccc(OC(=O)Cl)cc5)cc4)cc3)cc2)cc1,CCCC(C)(c1ccc(O)cc1)c1ccc(OC(=O)Oc2ccc(C(C)(CCC)c3ccc(OC(=O)Oc4ccc(C(C)(CCC)c5ccc(OC(=O)Oc6ccc(C(C)(CCC)c7ccc(OC(=O)Oc8ccc(C(C)(CCC)c9ccc(OC(=O)Oc%10ccc(C(C)(CCC)c%11ccc(OC(=O)Oc%12ccc(C(C)(CCC)c%13ccc(OC(=O)Oc%14ccc(C(C)(CCC)c%15ccc(OC(=O)Oc%16ccc(C(C)(CCC)c%17ccc(OC(=O)Cl)cc%17)cc%16)cc%15)cc%14)cc%13)cc%12)cc%11)cc%10)cc9)cc8)cc7)cc6)cc5)cc4)cc3)cc2)cc1,2.0,137.0,,,,,,,,,1.159,,,,0.1702617154,,
polycarbonate_phosgene,poly(4-[2-(4-hydroxyphenyl)propan-2-yl]phenol-co-carbonyl dichloride),[H]-[O]-[C]1=[C](-[H])-[C](-[H])=[C](-[C](-[C]2=[C](-[H])-[C](-[H])=[C](-[O]-[H])-[C](-[H])=[C]-2-[H])(-[C](-[H])(-[H])-[H])-[C](-[H])(-[H])-[H])-[C](-[H])=[C]-1-[H],hydroxyl,4-[2-(4-hydroxyphenyl)propan-2-yl]phenol,[O]=[C](-[Cl])-[Cl],acyl_chloride,Carbonyl dichloride,carbonate,O=C(Cl)Cl.CC(C)(c1ccc(O)cc1)c1ccc(O)cc1,CC(C)(c1ccc(O)cc1)c1ccc(OC(=O)Cl)cc1,CC(C)(c1ccc(O)cc1)c1ccc(OC(=O)Oc2ccc(C(C)(C)c3ccc(O)cc3)cc2)cc1,CC(C)(c1ccc(O)cc1)c1ccc(OC(=O)Oc2ccc(C(C)(C)c3ccc(OC(=O)Oc4ccc(C(C)(C)c5ccc(OC(=O)Cl)cc5)cc4)cc3)cc2)cc1,CC(C)(c1ccc(O)cc1)c1ccc(OC(=O)Oc2ccc(C(C)(C)c3ccc(OC(=O)Oc4ccc(C(C)(C)c5ccc(OC(=O)Oc6ccc(C(C)(C)c7ccc(OC(=O)Oc8ccc(C(C)(C)c9ccc(OC(=O)Oc%10ccc(C(C)(C)c%11ccc(OC(=O)Oc%12ccc(C(C)(C)c%13ccc(OC(=O)Oc%14ccc(C(C)(C)c%15ccc(OC(=O)Oc%16ccc(C(C)(C)c%17ccc(OC(=O)Cl)cc%17)cc%16)cc%15)cc%14)cc%13)cc%12)cc%11)cc%10)cc9)cc8)cc7)cc6)cc5)cc4)cc3)cc2)cc1,2.0,150.0,247.0,,,0.569,243.14,1.602059991,2372.8,59.0,1.2,-0.4962807976,0.8325089127,-0.5383514319,0.1714339009,1.113943352,
polycarbonate_phosgene,poly(4-[9-(4-hydroxyphenyl)fluoren-9-yl]phenol-co-carbonyl dichloride),[H]-[O]-[C]1=[C](-[H])-[C](-[H])=[C](-[C]2(-[C]3=[C](-[H])-[C](-[H])=[C](-[O]-[H])-[C](-[H])=[C]-3-[H])-[C]3=[C](-[H])-[C](-[H])=[C](-[H])-[C](-[H])=[C]-3-[C]3=[C](-[H])-[C](-[H])=[C](-[H])-[C](-[H])=[C]-3-2)-[C](-[H])=[C]-1-[H],hydroxyl,4-[9-(4-hydroxyphenyl)fluoren-9-yl]phenol,[O]=[C](-[Cl])-[Cl],acyl_chloride,Carbonyl dichloride,carbonate,O=C(Cl)Cl.Oc1ccc(C2(c3ccc(O)cc3)c3ccccc3-c3ccccc32)cc1,O=C(Cl)Oc1ccc(C2(c3ccc(O)cc3)c3ccccc3-c3ccccc32)cc1,O=C(Cl)Oc1ccc(C2(c3ccc(OC(=O)Cl)cc3)c3ccccc3-c3ccccc32)cc1,O=C(Cl)Oc1ccc(C2(c3ccc(OC(=O)Oc4ccc(C5(c6ccc(OC(=O)Oc7ccc(C8(c9ccc(O)cc9)c9ccccc9-c9ccccc98)cc7)cc6)c6ccccc6-c6ccccc65)cc4)cc3)c3ccccc3-c3ccccc32)cc1,O=C(Cl)Oc1ccc(C2(c3ccc(OC(=O)Oc4ccc(C5(c6ccc(OC(=O)Oc7ccc(C8(c9ccc(OC(=O)Oc%10ccc(C%11(c%12ccc(OC(=O)Oc%13ccc(C%14(c%15ccc(OC(=O)Oc%16ccc(C%17(c%18ccc(OC(=O)Oc%19ccc(C%20(c%21ccc(OC(=O)Oc%22ccc(C%23(c%24ccc(OC(=O)Oc%25ccc(C%26(c%27ccc(O)cc%27)c%27ccccc%27-c%27ccccc%27%26)cc%25)cc%24)c%24ccccc%24-c%24ccccc%24%23)cc%22)cc%21)c%21ccccc%21-c%21ccccc%21%20)cc%19)cc%18)c%18ccccc%18-c%18ccccc%18%17)cc%16)cc%15)c%15ccccc%15-c%15ccccc%15%14)cc%13)cc%12)c%12ccccc%12-c%12ccccc%12%11)cc%10)cc9)c9ccccc9-c9ccccc98)cc7)cc6)c6ccccc6-c6ccccc65)cc4)cc3)c3ccccc3-c3ccccc32)cc1,2.0,280.0,,,,,,,,,1.219,-0.2358238676,1.178976947,-0.2276782933,0.50242712,,
polyester,"poly(2-(2-hydroxyethoxy)ethanol-co-benzene-1,3-dicarboxylic acid)",[H]-[O]-[C](-[H])(-[H])-[C](-[H])(-[H])-[O]-[C](-[H])(-[H])-[C](-[H])(-[H])-[O]-[H],hydroxyl,2-(2-Hydroxyethoxy)ethanol,[H]-[O]-[C](=[O])-[C]1=[C](-[H])-[C](-[H])=[C](-[H])-[C](-[C](=[O])-[O]-[H])=[C]-1-[H],carboxyl,"Benzene-1,3-dicarboxylic acid",ester,OCCOCCO.O=C(O)c1cccc(C(=O)O)c1,O=C(O)c1cccc(C(=O)OCCOCCO)c1,O=C(OCCOCCO)c1cccc(C(=O)OCCOCCO)c1,O=C(O)c1cccc(C(=O)OCCOCCOC(=O)c2cccc(C(=O)OCCOCCOC(=O)c3cccc(C(=O)OCCOCCO)c3)c2)c1,O=C(O)c1cccc(C(=O)OCCOCCOC(=O)c2cccc(C(=O)OCCOCCOC(=O)c3cccc(C(=O)OCCOCCOC(=O)c4cccc(C(=O)OCCOCCOC(=O)c5cccc(C(=O)OCCOCCOC(=O)c6cccc(C(=O)OCCOCCOC(=O)c7cccc(C(=O)OCCOCCOC(=O)c8cccc(C(=O)OCCOCCOC(=O)c9cccc(C(=O)OCCOCCO)c9)c8)c7)c6)c5)c4)c3)c2)c1,2.0,16.0,72.5,,,,,,,,1.315,,,,,,
polyester,poly(2-(2-hydroxyethoxy)ethanol-co-decanedioic acid),[H]-[O]-[C](-[H])(-[H])-[C](-[H])(-[H])-[O]-[C](-[H])(-[H])-[C](-[H])(-[H])-[O]-[H],hydroxyl,2-(2-Hydroxyethoxy)ethanol,[H]-[O]-[C](=[O])-[C](-[H])(-[H])-[C](-[H])(-[H])-[C](-[H])(-[H])-[C](-[H])(-[H])-[C](-[H])(-[H])-[C](-[H])(-[H])-[C](-[H])(-[H])-[C](-[H])(-[H])-[C](=[O])-[O]-[H],carboxyl,Decanedioic acid,ester,OCCOCCO.O=C(O)CCCCCCCCC(=O)O,O=C(O)CCCCCCCCC(=O)OCCOCCO,O=C(CCCCCCCCC(=O)OCCOCCO)OCCOCCO,O=C(O)CCCCCCCCC(=O)OCCOCCOC(=O)CCCCCCCCC(=O)OCCOCCOC(=O)CCCCCCCCC(=O)OCCOCCO,O=C(O)CCCCCCCCC(=O)OCCOCCOC(=O)CCCCCCCCC(=O)OCCOCCOC(=O)CCCCCCCCC(=O)OCCOCCOC(=O)CCCCCCCCC(=O)OCCOCCOC(=O)CCCCCCCCC(=O)OCCOCCOC(=O)CCCCCCCCC(=O)OCCOCCOC(=O)CCCCCCCCC(=O)OCCOCCOC(=O)CCCCCCCCC(=O)OCCOCCOC(=O)CCCCCCCCC(=O)OCCOCCO,2.0,-74.5,42.83333334,,,,,,,,1.13,,,,,,
polyester,poly(2-(2-hydroxyethoxy)ethanol-co-hexanedioic acid),[H]-[O]-[C](-[H])(-[H])-[C](-[H])(-[H])-[O]-[C](-[H])(-[H])-[C](-[H])(-[H])-[O]-[H],hydroxyl,2-(2-Hydroxyethoxy)ethanol,[H]-[O]-[C](=[O])-[C](-[H])(-[H])-[C](-[H])(-[H])-[C](-[H])(-[H])-[C](-[H])(-[H])-[C](=[O])-[O]-[H],carboxyl,hexanedioic acid,ester,OCCOCCO.O=C(O)CCCCC(=O)O,O=C(O)CCCCC(=O)OCCOCCO,O=C(CCCCC(=O)OCCOCCO)OCCOCCO,O=C(O)CCCCC(=O)OCCOCCOC(=O)CCCCC(=O)OCCOCCOC(=O)CCCCC(=O)OCCOCCO,O=C(O)CCCCC(=O)OCCOCCOC(=O)CCCCC(=O)OCCOCCOC(=O)CCCCC(=O)OCCOCCOC(=O)CCCCC(=O)OCCOCCOC(=O)CCCCC(=O)OCCOCCOC(=O)CCCCC(=O)OCCOCCOC(=O)CCCCC(=O)OCCOCCOC(=O)CCCCC(=O)OCCOCCOC(=O)CCCCC(=O)OCCOCCO,2.0,-54.5,-26.5,,,,,,,,1.14,,,,,,
polyester,"poly([4-(hydroxymethyl)cyclohexyl]methanol-co-cyclohexane-1,4-dicarboxylic acid)",[H]-[O]-[C](-[H])(-[H])-[C]1(-[H])-[C](-[H])(-[H])-[C](-[H])(-[H])-[C](-[H])(-[C](-[H])(-[H])-[O]-[H])-[C](-[H])(-[H])-[C]-1(-[H])-[H],hydroxyl,[4-(hydroxymethyl)cyclohexyl]methanol,[H]-[O]-[C](=[O])-[C]1(-[H])-[C](-[H])(-[H])-[C](-[H])(-[H])-[C](-[H])(-[C](=[O])-[O]-[H])-[C](-[H])(-[H])-[C]-1(-[H])-[H],carboxyl,"cyclohexane-1,4-dicarboxylic acid",ester,OCC1CCC(CO)CC1.O=C(O)C1CCC(C(=O)O)CC1,O=C(O)C1CCC(C(=O)OCC2CCC(CO)CC2)CC1,O=C(OCC1CCC(CO)CC1)C1CCC(C(=O)OCC2CCC(CO)CC2)CC1,O=C(O)C1CCC(C(=O)OCC2CCC(COC(=O)C3CCC(C(=O)OCC4CCC(COC(=O)C5CCC(C(=O)OCC6CCC(CO)CC6)CC5)CC4)CC3)CC2)CC1,O=C(O)C1CCC(C(=O)OCC2CCC(COC(=O)C3CCC(C(=O)OCC4CCC(COC(=O)C5CCC(C(=O)OCC6CCC(COC(=O)C7CCC(C(=O)OCC8CCC(COC(=O)C9CCC(C(=O)OCC%10CCC(COC(=O)C%11CCC(C(=O)OCC%12CCC(COC(=O)C%13CCC(C(=O)OCC%14CCC(COC(=O)C%15CCC(C(=O)OCC%16CCC(COC(=O)C%17CCC(C(=O)OCC%18CCC(CO)CC%18)CC%17)CC%16)CC%15)CC%14)CC%13)CC%12)CC%11)CC%10)CC9)CC8)CC7)CC6)CC5)CC4)CC3)CC2)CC1,2.0,64.5,224.5,,,,,,,,1.14,,,,,,
polyester,"poly(butane-1,4-diol-co-benzene-1,3-dicarboxylic acid)",[H]-[O]-[C](-[H])(-[H])-[C](-[H])(-[H])-[C](-[H])(-[H])-[C](-[H])(-[H])-[O]-[H],hydroxyl,"Butane-1,4-diol",[H]-[O]-[C](=[O])-[C]1=[C](-[H])-[C](-[H])=[C](-[H])-[C](-[C](=[O])-[O]-[H])=[C]-1-[H],carboxyl,"Benzene-1,3-dicarboxylic acid",ester,OCCCCO.O=C(O)c1cccc(C(=O)O)c1,O=C(O)c1cccc(C(=O)OCCCCO)c1,O=C(OCCCCO)c1cccc(C(=O)OCCCCO)c1,O=C(O)c1cccc(C(=O)OCCCCOC(=O)c2cccc(C(=O)OCCCCOC(=O)c3cccc(C(=O)OCCCCO)c3)c2)c1,O=C(O)c1cccc(C(=O)OCCCCOC(=O)c2cccc(C(=O)OCCCCOC(=O)c3cccc(C(=O)OCCCCOC(=O)c4cccc(C(=O)OCCCCOC(=O)c5cccc(C(=O)OCCCCOC(=O)c6cccc(C(=O)OCCCCOC(=O)c7cccc(C(=O)OCCCCOC(=O)c8cccc(C(=O)OCCCCOC(=O)c9cccc(C(=O)OCCCCO)c9)c8)c7)c6)c5)c4)c3)c2)c1,2.0,25.35,,,,,,,,,1.27,,,,,,
polyester,"poly(butane-1,4-diol-co-butanedioic acid)",[H]-[O]-[C](-[H])(-[H])-[C](-[H])(-[H])-[C](-[H])(-[H])-[C](-[H])(-[H])-[O]-[H],hydroxyl,"Butane-1,4-diol",[H]-[O]-[C](=[O])-[C](-[H])(-[H])-[C](-[H])(-[H])-[C](=[O])-[O]-[H],carboxyl,butanedioic acid,ester,OCCCCO.O=C(O)CCC(=O)O,O=C(O)CCC(=O)OCCCCO,O=C(CCC(=O)OCCCCO)OCCCCO,O=C(O)CCC(=O)OCCCCOC(=O)CCC(=O)OCCCCOC(=O)CCC(=O)OCCCCO,O=C(O)CCC(=O)OCCCCOC(=O)CCC(=O)OCCCCOC(=O)CCC(=O)OCCCCOC(=O)CCC(=O)OCCCCOC(=O)CCC(=O)OCCCCOC(=O)CCC(=O)OCCCCOC(=O)CCC(=O)OCCCCOC(=O)CCC(=O)OCCCCOC(=O)CCC(=O)OCCCCO,2.0,-17.3,114.0,,,,,,,,1.26,,,,,,
polyester,"poly(butane-1,4-diol-co-decanedioic acid)",[H]-[O]-[C](-[H])(-[H])-[C](-[H])(-[H])-[C](-[H])(-[H])-[C](-[H])(-[H])-[O]-[H],hydroxyl,"Butane-1,4-diol",[H]-[O]-[C](=[O])-[C](-[H])(-[H])-[C](-[H])(-[H])-[C](-[H])(-[H])-[C](-[H])(-[H])-[C](-[H])(-[H])-[C](-[H])(-[H])-[C](-[H])(-[H])-[C](-[H])(-[H])-[C](=[O])-[O]-[H],carboxyl,Decanedioic acid,ester,OCCCCO.O=C(O)CCCCCCCCC(=O)O,O=C(O)CCCCCCCCC(=O)OCCCCO,O=C(CCCCCCCCC(=O)OCCCCO)OCCCCO,O=C(O)CCCCCCCCC(=O)OCCCCOC(=O)CCCCCCCCC(=O)OCCCCOC(=O)CCCCCCCCC(=O)OCCCCO,O=C(O)CCCCCCCCC(=O)OCCCCOC(=O)CCCCCCCCC(=O)OCCCCOC(=O)CCCCCCCCC(=O)OCCCCOC(=O)CCCCCCCCC(=O)OCCCCOC(=O)CCCCCCCCC(=O)OCCCCOC(=O)CCCCCCCCC(=O)OCCCCOC(=O)CCCCCCCCC(=O)OCCCCOC(=O)CCCCCCCCC(=O)OCCCCOC(=O)CCCCCCCCC(=O)OCCCCO,2.0,6.0,104.5,,,,,,,,1.14,,,,,,
polyester,"poly(butane-1,4-diol-co-hexanedioic acid)",[H]-[O]-[C](-[H])(-[H])-[C](-[H])(-[H])-[C](-[H])(-[H])-[C](-[H])(-[H])-[O]-[H],hydroxyl,"Butane-1,4-diol",[H]-[O]-[C](=[O])-[C](-[H])(-[H])-[C](-[H])(-[H])-[C](-[H])(-[H])-[C](-[H])(-[H])-[C](=[O])-[O]-[H],carboxyl,hexanedioic acid,ester,OCCCCO.O=C(O)CCCCC(=O)O,O=C(O)CCCCC(=O)OCCCCO,O=C(O)CCCCC(=O)OCCCCOC(=O)CCCCC(=O)O,O=C(O)CCCCC(=O)OCCCCOC(=O)CCCCC(=O)OCCCCOC(=O)CCCCC(=O)OCCCCO,O=C(O)CCCCC(=O)OCCCCOC(=O)CCCCC(=O)OCCCCOC(=O)CCCCC(=O)OCCCCOC(=O)CCCCC(=O)OCCCCOC(=O)CCCCC(=O)OCCCCOC(=O)CCCCC(=O)OCCCCOC(=O)CCCCC(=O)OCCCCOC(=O)CCCCC(=O)OCCCCOC(=O)CCCCC(=O)OCCCCO,2.0,-43.05,57.4,,,,,,,16.2,1.06,,,,,,
polyester,"poly(butane-1,4-diol-co-nonanedioic acid)",[H]-[O]-[C](-[H])(-[H])-[C](-[H])(-[H])-[C](-[H])(-[H])-[C](-[H])(-[H])-[O]-[H],hydroxyl,"Butane-1,4-diol",[H]-[O]-[C](=[O])-[C](-[H])(-[H])-[C](-[H])(-[H])-[C](-[H])(-[H])-[C](-[H])(-[H])-[C](-[H])(-[H])-[C](-[H])(-[H])-[C](-[H])(-[H])-[C](=[O])-[O]-[H],carboxyl,Nonanedioic acid,ester,OCCCCO.O=C(O)CCCCCCCC(=O)O,O=C(O)CCCCCCCC(=O)OCCCCO,O=C(O)CCCCCCCC(=O)OCCCCOC(=O)CCCCCCCC(=O)O,O=C(O)CCCCCCCC(=O)OCCCCOC(=O)CCCCCCCC(=O)OCCCCOC(=O)CCCCCCCC(=O)OCCCCO,O=C(O)CCCCCCCC(=O)OCCCCOC(=O)CCCCCCCC(=O)OCCCCOC(=O)CCCCCCCC(=O)OCCCCOC(=O)CCCCCCCC(=O)OCCCCOC(=O)CCCCCCCC(=O)OCCCCOC(=O)CCCCCCCC(=O)OCCCCOC(=O)CCCCCCCC(=O)OCCCCOC(=O)CCCCCCCC(=O)OCCCCOC(=O)CCCCCCCC(=O)OCCCCO,2.0,-62.5,41.0,,,,,,,,1.11,,,,,,
polyester,"poly(butane-1,4-diol-co-terephthalic acid)",[H]-[O]-[C](-[H])(-[H])-[C](-[H])(-[H])-[C](-[H])(-[H])-[C](-[H])(-[H])-[O]-[H],hydroxyl,"Butane-1,4-diol",[H]-[O]-[C](=[O])-[C]1=[C](-[H])-[C](-[H])=[C](-[C](=[O])-[O]-[H])-[C](-[H])=[C]-1-[H],carboxyl,Terephthalic acid,ester,OCCCCO.O=C(O)c1ccc(C(=O)O)cc1,O=C(O)c1ccc(C(=O)OCCCCO)cc1,O=C(O)c1ccc(C(=O)OCCCCOC(=O)c2ccc(C(=O)O)cc2)cc1,O=C(O)c1ccc(C(=O)OCCCCOC(=O)c2ccc(C(=O)OCCCCOC(=O)c3ccc(C(=O)OCCCCO)cc3)cc2)cc1,O=C(O)c1ccc(C(=O)OCCCCOC(=O)c2ccc(C(=O)OCCCCOC(=O)c3ccc(C(=O)OCCCCOC(=O)c4ccc(C(=O)OCCCCOC(=O)c5ccc(C(=O)OCCCCOC(=O)c6ccc(C(=O)OCCCCOC(=O)c7ccc(C(=O)OCCCCOC(=O)c8ccc(C(=O)OCCCCOC(=O)c9ccc(C(=O)OCCCCO)cc9)cc8)cc7)cc6)cc5)cc4)cc3)cc2)cc1,2.0,11.675,228.0,,,0.4622,219.6,,2619.3,,1.31,,,,,,
polyester,"poly(ethane-1,2-diol-co-benzene-1,3-dicarboxylic acid)",[H]-[O]-[C](-[H])(-[H])-[C](-[H])(-[H])-[O]-[H],hydroxyl,"Ethane-1,2-diol",[H]-[O]-[C](=[O])-[C]1=[C](-[H])-[C](-[H])=[C](-[H])-[C](-[C](=[O])-[O]-[H])=[C]-1-[H],carboxyl,"Benzene-1,3-dicarboxylic acid",ester,OCCO.O=C(O)c1cccc(C(=O)O)c1,O=C(O)c1cccc(C(=O)OCCO)c1,O=C(OCCO)c1cccc(C(=O)OCCO)c1,O=C(O)c1cccc(C(=O)OCCOC(=O)c2cccc(C(=O)OCCOC(=O)c3cccc(C(=O)OCCO)c3)c2)c1,O=C(O)c1cccc(C(=O)OCCOC(=O)c2cccc(C(=O)OCCOC(=O)c3cccc(C(=O)OCCOC(=O)c4cccc(C(=O)OCCOC(=O)c5cccc(C(=O)OCCOC(=O)c6cccc(C(=O)OCCOC(=O)c7cccc(C(=O)OCCOC(=O)c8cccc(C(=O)OCCOC(=O)c9cccc(C(=O)OCCO)c9)c8)c7)c6)c5)c4)c3)c2)c1,2.0,59.425,,,,,,,,,1.346,,-0.6575773192,,,,
polyester,"poly(ethane-1,2-diol-co-cyclohexane-1,4-dicarboxylic acid)",[H]-[O]-[C](-[H])(-[H])-[C](-[H])(-[H])-[O]-[H],hydroxyl,"Ethane-1,2-diol",[H]-[O]-[C](=[O])-[C]1(-[H])-[C](-[H])(-[H])-[C](-[H])(-[H])-[C](-[H])(-[C](=[O])-[O]-[H])-[C](-[H])(-[H])-[C]-1(-[H])-[H],carboxyl,"cyclohexane-1,4-dicarboxylic acid",ester,OCCO.O=C(O)C1CCC(C(=O)O)CC1,O=C(O)C1CCC(C(=O)OCCO)CC1,O=C(O)C1CCC(C(=O)OCCOC(=O)C2CCC(C(=O)O)CC2)CC1,O=C(O)C1CCC(C(=O)OCCOC(=O)C2CCC(C(=O)OCCOC(=O)C3CCC(C(=O)OCCO)CC3)CC2)CC1,O=C(O)C1CCC(C(=O)OCCOC(=O)C2CCC(C(=O)OCCOC(=O)C3CCC(C(=O)OCCOC(=O)C4CCC(C(=O)OCCOC(=O)C5CCC(C(=O)OCCOC(=O)C6CCC(C(=O)OCCOC(=O)C7CCC(C(=O)OCCOC(=O)C8CCC(C(=O)OCCOC(=O)C9CCC(C(=O)OCCO)CC9)CC8)CC7)CC6)CC5)CC4)CC3)CC2)CC1,2.0,25.0,64.0,,,,,,,,1.22,,,,,,
polyester,"poly(ethane-1,2-diol-co-decanedioic acid)",[H]-[O]-[C](-[H])(-[H])-[C](-[H])(-[H])-[O]-[H],hydroxyl,"Ethane-1,2-diol",[H]-[O]-[C](=[O])-[C](-[H])(-[H])-[C](-[H])(-[H])-[C](-[H])(-[H])-[C](-[H])(-[H])-[C](-[H])(-[H])-[C](-[H])(-[H])-[C](-[H])(-[H])-[C](-[H])(-[H])-[C](=[O])-[O]-[H],carboxyl,Decanedioic acid,ester,OCCO.O=C(O)CCCCCCCCC(=O)O,O=C(O)CCCCCCCCC(=O)OCCO,O=C(CCCCCCCCC(=O)OCCO)OCCO,O=C(O)CCCCCCCCC(=O)OCCOC(=O)CCCCCCCCC(=O)OCCOC(=O)CCCCCCCCC(=O)OCCO,O=C(O)CCCCCCCCC(=O)OCCOC(=O)CCCCCCCCC(=O)OCCOC(=O)CCCCCCCCC(=O)OCCOC(=O)CCCCCCCCC(=O)OCCOC(=O)CCCCCCCCC(=O)OCCOC(=O)CCCCCCCCC(=O)OCCOC(=O)CCCCCCCCC(=O)OCCOC(=O)CCCCCCCCC(=O)OCCOC(=O)CCCCCCCCC(=O)OCCO,2.0,39.0,52.0,,,,,1.982271233,600.0,23.0,1.09,,,,,,
polyester,"poly(ethane-1,2-diol-co-furan-2,5-dicarboxylic acid)",[H]-[O]-[C](-[H])(-[H])-[C](-[H])(-[H])-[O]-[H],hydroxyl,"Ethane-1,2-diol",[H]-[O]-[C](=[O])-[C]1=[C](-[H])-[C](-[H])=[C](-[C](=[O])-[O]-[H])-[O]-1,carboxyl,"furan-2,5-dicarboxylic acid",ester,OCCO.O=C(O)c1ccc(C(=O)O)o1,O=C(O)c1ccc(C(=O)OCCO)o1,O=C(OCCO)c1ccc(C(=O)OCCO)o1,O=C(O)c1ccc(C(=O)OCCOC(=O)c2ccc(C(=O)OCCOC(=O)c3ccc(C(=O)OCCO)o3)o2)o1,O=C(O)c1ccc(C(=O)OCCOC(=O)c2ccc(C(=O)OCCOC(=O)c3ccc(C(=O)OCCOC(=O)c4ccc(C(=O)OCCOC(=O)c5ccc(C(=O)OCCOC(=O)c6ccc(C(=O)OCCOC(=O)c7ccc(C(=O)OCCOC(=O)c8ccc(C(=O)OCCOC(=O)c9ccc(C(=O)OCCO)o9)o8)o7)o6)o5)o4)o3)o2)o1,2.0,87.0,217.05,,,,,,2750.0,,1.46,,-1.585026652,,-1.970616222,,
polyester,"poly(ethane-1,2-diol-co-hexanedioic acid)",[H]-[O]-[C](-[H])(-[H])-[C](-[H])(-[H])-[O]-[H],hydroxyl,"Ethane-1,2-diol",[H]-[O]-[C](=[O])-[C](-[H])(-[H])-[C](-[H])(-[H])-[C](-[H])(-[H])-[C](-[H])(-[H])-[C](=[O])-[O]-[H],carboxyl,hexanedioic acid,ester,OCCO.O=C(O)CCCCC(=O)O,O=C(O)CCCCC(=O)OCCO,O=C(O)CCCCC(=O)OCCOC(=O)CCCCC(=O)O,O=C(O)CCCCC(=O)OCCOC(=O)CCCCC(=O)OCCOC(=O)CCCCC(=O)OCCO,O=C(O)CCCCC(=O)OCCOC(=O)CCCCC(=O)OCCOC(=O)CCCCC(=O)OCCOC(=O)CCCCC(=O)OCCOC(=O)CCCCC(=O)OCCOC(=O)CCCCC(=O)OCCOC(=O)CCCCC(=O)OCCOC(=O)CCCCC(=O)OCCOC(=O)CCCCC(=O)OCCO,2.0,-33.0,50.0,,,,,,,-14.35,1.16,,,,,,
polyester,"poly(ethane-1,2-diol-co-naphthalene-2,6-dicarboxylic acid)",[H]-[O]-[C](-[H])(-[H])-[C](-[H])(-[H])-[O]-[H],hydroxyl,"Ethane-1,2-diol",[H]-[O]-[C](=[O])-[C]1=[C](-[H])-[C](-[H])=[C]2-[C](-[H])=[C](-[C](=[O])-[O]-[H])-[C](-[H])=[C](-[H])-[C]-2=[C]-1-[H],carboxyl,"naphthalene-2,6-dicarboxylic acid",ester,OCCO.O=C(O)c1ccc2cc(C(=O)O)ccc2c1,O=C(O)c1ccc2cc(C(=O)OCCO)ccc2c1,O=C(O)c1ccc2cc(C(=O)OCCOC(=O)c3ccc4cc(C(=O)O)ccc4c3)ccc2c1,O=C(O)c1ccc2cc(C(=O)OCCOC(=O)c3ccc4cc(C(=O)OCCOC(=O)c5ccc6cc(C(=O)OCCO)ccc6c5)ccc4c3)ccc2c1,O=C(O)c1ccc2cc(C(=O)OCCOC(=O)c3ccc4cc(C(=O)OCCOC(=O)c5ccc6cc(C(=O)OCCOC(=O)c7ccc8cc(C(=O)OCCOC(=O)c9ccc%10cc(C(=O)OCCOC(=O)c%11ccc%12cc(C(=O)OCCOC(=O)c%13ccc%14cc(C(=O)OCCOC(=O)c%15ccc%16cc(C(=O)OCCOC(=O)c%17ccc%18cc(C(=O)OCCO)ccc%18c%17)ccc%16c%15)ccc%14c%13)ccc%12c%11)ccc%10c9)ccc8c7)ccc6c5)ccc4c3)ccc2c1,2.0,118.85,337.0,,,0.4094,268.4,,,,1.3425,,-1.036212173,,,,
polyester,"poly(ethane-1,2-diol-co-naphthalene-2,7-dicarboxylic acid)",[H]-[O]-[C](-[H])(-[H])-[C](-[H])(-[H])-[O]-[H],hydroxyl,"Ethane-1,2-diol",[H]-[O]-[C](=[O])-[C]1=[C](-[H])-[C](-[H])=[C]2-[C](-[H])=[C](-[H])-[C](-[C](=[O])-[O]-[H])=[C](-[H])-[C]-2=[C]-1-[H],carboxyl,"naphthalene-2,7-dicarboxylic acid",ester,OCCO.O=C(O)c1ccc2ccc(C(=O)O)cc2c1,O=C(O)c1ccc2ccc(C(=O)OCCO)cc2c1,O=C(OCCO)c1ccc2ccc(C(=O)OCCO)cc2c1,O=C(O)c1ccc2ccc(C(=O)OCCOC(=O)c3ccc4ccc(C(=O)OCCOC(=O)c5ccc6ccc(C(=O)OCCO)cc6c5)cc4c3)cc2c1,O=C(O)c1ccc2ccc(C(=O)OCCOC(=O)c3ccc4ccc(C(=O)OCCOC(=O)c5ccc6ccc(C(=O)OCCOC(=O)c7ccc8ccc(C(=O)OCCOC(=O)c9ccc%10ccc(C(=O)OCCOC(=O)c%11ccc%12ccc(C(=O)OCCOC(=O)c%13ccc%14ccc(C(=O)OCCOC(=O)c%15ccc%16ccc(C(=O)OCCOC(=O)c%17ccc%18ccc(C(=O)OCCO)cc%18c%17)cc%16c%15)cc%14c%13)cc%12c%11)cc%10c9)cc8c7)cc6c5)cc4c3)cc2c1,2.0,119.0,270.0,,,,,,,,1.35,,,,,,
polyester,"poly(ethane-1,2-diol-co-phthalic acid)",[H]-[O]-[C](-[H])(-[H])-[C](-[H])(-[H])-[O]-[H],hydroxyl,"Ethane-1,2-diol",[H]-[O]-[C](=[O])-[C]1=[C](-[H])-[C](-[H])=[C](-[H])-[C](-[H])=[C]-1-[C](=[O])-[O]-[H],carboxyl,phthalic acid,ester,OCCO.O=C(O)c1ccccc1C(=O)O,O=C(O)c1ccccc1C(=O)OCCO,O=C(OCCO)c1ccccc1C(=O)OCCO,O=C(O)c1ccccc1C(=O)OCCOC(=O)c1ccccc1C(=O)OCCOC(=O)c1ccccc1C(=O)OCCO,O=C(O)c1ccccc1C(=O)OCCOC(=O)c1ccccc1C(=O)OCCOC(=O)c1ccccc1C(=O)OCCOC(=O)c1ccccc1C(=O)OCCOC(=O)c1ccccc1C(=O)OCCOC(=O)c1ccccc1C(=O)OCCOC(=O)c1ccccc1C(=O)OCCOC(=O)c1ccccc1C(=O)OCCOC(=O)c1ccccc1C(=O)OCCO,2.0,23.85,,,,,,,,,1.34,,,,,,
polyester,"poly(ethane-1,2-diol-co-terephthalic acid)",[H]-[O]-[C](-[H])(-[H])-[C](-[H])(-[H])-[O]-[H],hydroxyl,"Ethane-1,2-diol",[H]-[O]-[C](=[O])-[C]1=[C](-[H])-[C](-[H])=[C](-[C](=[O])-[O]-[H])-[C](-[H])=[C]-1-[H],carboxyl,Terephthalic acid,ester,OCCO.O=C(O)c1ccc(C(=O)O)cc1,O=C(O)c1ccc(C(=O)OCCO)cc1,O=C(OCCO)c1ccc(C(=O)OCCO)cc1,O=C(O)c1ccc(C(=O)OCCOC(=O)c2ccc(C(=O)OCCOC(=O)c3ccc(C(=O)OCCO)cc3)cc2)cc1,O=C(O)c1ccc(C(=O)OCCOC(=O)c2ccc(C(=O)OCCOC(=O)c3ccc(C(=O)OCCOC(=O)c4ccc(C(=O)OCCOC(=O)c5ccc(C(=O)OCCOC(=O)c6ccc(C(=O)OCCOC(=O)c7ccc(C(=O)OCCOC(=O)c8ccc(C(=O)OCCOC(=O)c9ccc(C(=O)OCCO)cc9)cc8)cc7)cc6)cc5)cc4)cc3)cc2)cc1,2.0,70.425,270.0,,,0.282,237.0,,2500.0,39.0,1.344,,-0.7447274949,-2.305394801,-1.657577319,,2.582814997
polyester,"poly(hexane-1,6-diol-co-furan-2,5-dicarboxylic acid)",[H]-[O]-[C](-[H])(-[H])-[C](-[H])(-[H])-[C](-[H])(-[H])-[C](-[H])(-[H])-[C](-[H])(-[H])-[C](-[H])(-[H])-[O]-[H],hydroxyl,"HEXANE-1,6-DIOL",[H]-[O]-[C](=[O])-[C]1=[C](-[H])-[C](-[H])=[C](-[C](=[O])-[O]-[H])-[O]-1,carboxyl,"furan-2,5-dicarboxylic acid",ester,OCCCCCCO.O=C(O)c1ccc(C(=O)O)o1,O=C(O)c1ccc(C(=O)OCCCCCCO)o1,O=C(OCCCCCCO)c1ccc(C(=O)OCCCCCCO)o1,O=C(O)c1ccc(C(=O)OCCCCCCOC(=O)c2ccc(C(=O)OCCCCCCOC(=O)c3ccc(C(=O)OCCCCCCO)o3)o2)o1,O=C(O)c1ccc(C(=O)OCCCCCCOC(=O)c2ccc(C(=O)OCCCCCCOC(=O)c3ccc(C(=O)OCCCCCCOC(=O)c4ccc(C(=O)OCCCCCCOC(=O)c5ccc(C(=O)OCCCCCCOC(=O)c6ccc(C(=O)OCCCCCCOC(=O)c7ccc(C(=O)OCCCCCCOC(=O)c8ccc(C(=O)OCCCCCCOC(=O)c9ccc(C(=O)OCCCCCCO)o9)o8)o7)o6)o5)o4)o3)o2)o1,2.0,27.0,148.0,,,,,,490.0,,1.27,,,,,,
polyester,"poly(hexane-1,6-diol-co-heptanedioic acid)",[H]-[O]-[C](-[H])(-[H])-[C](-[H])(-[H])-[C](-[H])(-[H])-[C](-[H])(-[H])-[C](-[H])(-[H])-[C](-[H])(-[H])-[O]-[H],hydroxyl,"HEXANE-1,6-DIOL",[H]-[O]-[C](=[O])-[C](-[H])(-[H])-[C](-[H])(-[H])-[C](-[H])(-[H])-[C](-[H])(-[H])-[C](-[H])(-[H])-[C](=[O])-[O]-[H],carboxyl,Heptanedioic acid,ester,OCCCCCCO.O=C(O)CCCCCC(=O)O,O=C(O)CCCCCC(=O)OCCCCCCO,O=C(O)CCCCCC(=O)OCCCCCCOC(=O)CCCCCC(=O)O,O=C(O)CCCCCC(=O)OCCCCCCOC(=O)CCCCCC(=O)OCCCCCCOC(=O)CCCCCC(=O)OCCCCCCO,O=C(O)CCCCCC(=O)OCCCCCCOC(=O)CCCCCC(=O)OCCCCCCOC(=O)CCCCCC(=O)OCCCCCCOC(=O)CCCCCC(=O)OCCCCCCOC(=O)CCCCCC(=O)OCCCCCCOC(=O)CCCCCC(=O)OCCCCCCOC(=O)CCCCCC(=O)OCCCCCCOC(=O)CCCCCC(=O)OCCCCCCOC(=O)CCCCCC(=O)OCCCCCCO,2.0,,51.25,,,,,,,,1.02,,,,,,
polyester,"poly(hexane-1,6-diol-co-hexanedioic acid)",[H]-[O]-[C](-[H])(-[H])-[C](-[H])(-[H])-[C](-[H])(-[H])-[C](-[H])(-[H])-[C](-[H])(-[H])-[C](-[H])(-[H])-[O]-[H],hydroxyl,"HEXANE-1,6-DIOL",[H]-[O]-[C](=[O])-[C](-[H])(-[H])-[C](-[H])(-[H])-[C](-[H])(-[H])-[C](-[H])(-[H])-[C](=[O])-[O]-[H],carboxyl,hexanedioic acid,ester,OCCCCCCO.O=C(O)CCCCC(=O)O,O=C(O)CCCCC(=O)OCCCCCCO,O=C(O)CCCCC(=O)OCCCCCCOC(=O)CCCCC(=O)O,O=C(O)CCCCC(=O)OCCCCCCOC(=O)CCCCC(=O)OCCCCCCOC(=O)CCCCC(=O)OCCCCCCO,O=C(O)CCCCC(=O)OCCCCCCOC(=O)CCCCC(=O)OCCCCCCOC(=O)CCCCC(=O)OCCCCCCOC(=O)CCCCC(=O)OCCCCCCOC(=O)CCCCC(=O)OCCCCCCOC(=O)CCCCC(=O)OCCCCCCOC(=O)CCCCC(=O)OCCCCCCOC(=O)CCCCC(=O)OCCCCCCOC(=O)CCCCC(=O)OCCCCCCO,2.0,-47.0,58.0,,,,,,,,1.06,,,,,,
polyester,"poly(pentane-1,5-diol-co-heptanedioic acid)",[H]-[O]-[C](-[H])(-[H])-[C](-[H])(-[H])-[C](-[H])(-[H])-[C](-[H])(-[H])-[C](-[H])(-[H])-[O]-[H],hydroxyl,"Pentane-1,5-diol",[H]-[O]-[C](=[O])-[C](-[H])(-[H])-[C](-[H])(-[H])-[C](-[H])(-[H])-[C](-[H])(-[H])-[C](-[H])(-[H])-[C](=[O])-[O]-[H],carboxyl,Heptanedioic acid,ester,OCCCCCO.O=C(O)CCCCCC(=O)O,O=C(O)CCCCCC(=O)OCCCCCO,O=C(O)CCCCCC(=O)OCCCCCOC(=O)CCCCCC(=O)O,O=C(O)CCCCCC(=O)OCCCCCOC(=O)CCCCCC(=O)OCCCCCOC(=O)CCCCCC(=O)OCCCCCO,O=C(O)CCCCCC(=O)OCCCCCOC(=O)CCCCCC(=O)OCCCCCOC(=O)CCCCCC(=O)OCCCCCOC(=O)CCCCCC(=O)OCCCCCOC(=O)CCCCCC(=O)OCCCCCOC(=O)CCCCCC(=O)OCCCCCOC(=O)CCCCCC(=O)OCCCCCOC(=O)CCCCCC(=O)OCCCCCOC(=O)CCCCCC(=O)OCCCCCO,2.0,,43.5,,,,,,,,1.15,,,,,,
polyester,"poly(propane-1,3-diol-co-hexanedioic acid)",[H]-[O]-[C](-[H])(-[H])-[C](-[H])(-[H])-[C](-[H])(-[H])-[O]-[H],hydroxyl,"Propane-1,3-diol",[H]-[O]-[C](=[O])-[C](-[H])(-[H])-[C](-[H])(-[H])-[C](-[H])(-[H])-[C](-[H])(-[H])-[C](=[O])-[O]-[H],carboxyl,hexanedioic acid,ester,OCCCO.O=C(O)CCCCC(=O)O,O=C(O)CCCCC(=O)OCCCO,O=C(O)CCCCC(=O)OCCCOC(=O)CCCCC(=O)O,O=C(O)CCCCC(=O)OCCCOC(=O)CCCCC(=O)OCCCOC(=O)CCCCC(=O)OCCCO,O=C(O)CCCCC(=O)OCCCOC(=O)CCCCC(=O)OCCCOC(=O)CCCCC(=O)OCCCOC(=O)CCCCC(=O)OCCCOC(=O)CCCCC(=O)OCCCOC(=O)CCCCC(=O)OCCCOC(=O)CCCCC(=O)OCCCOC(=O)CCCCC(=O)OCCCOC(=O)CCCCC(=O)OCCCO,2.0,-56.06,39.5,,,,,2.685741739,,-44.0,1.27,,,,,,
polyester,"poly(propane-1,3-diol-co-terephthalic acid)",[H]-[O]-[C](-[H])(-[H])-[C](-[H])(-[H])-[C](-[H])(-[H])-[O]-[H],hydroxyl,"Propane-1,3-diol",[H]-[O]-[C](=[O])-[C]1=[C](-[H])-[C](-[H])=[C](-[C](=[O])-[O]-[H])-[C](-[H])=[C]-1-[H],carboxyl,Terephthalic acid,ester,OCCCO.O=C(O)c1ccc(C(=O)O)cc1,O=C(O)c1ccc(C(=O)OCCCO)cc1,O=C(O)c1ccc(C(=O)OCCCOC(=O)c2ccc(C(=O)O)cc2)cc1,O=C(O)c1ccc(C(=O)OCCCOC(=O)c2ccc(C(=O)OCCCOC(=O)c3ccc(C(=O)OCCCO)cc3)cc2)cc1,O=C(O)c1ccc(C(=O)OCCCOC(=O)c2ccc(C(=O)OCCCOC(=O)c3ccc(C(=O)OCCCOC(=O)c4ccc(C(=O)OCCCOC(=O)c5ccc(C(=O)OCCCOC(=O)c6ccc(C(=O)OCCCOC(=O)c7ccc(C(=O)OCCCOC(=O)c8ccc(C(=O)OCCCOC(=O)c9ccc(C(=O)OCCCO)cc9)cc8)cc7)cc6)cc5)cc4)cc3)cc2)cc1,2.0,54.925,228.5,,,,,,2400.0,,1.34,,,,,,
polyurethane_isocyanate,"poly(1,6-diisocyanatohexane-co-2-(2-hydroxyethoxy)ethanol)",[H]-[C](-[H])(-[N]=[C]=[O])-[C](-[H])(-[H])-[C](-[H])(-[H])-[C](-[H])(-[H])-[C](-[H])(-[H])-[C](-[H])(-[H])-[N]=[C]=[O],isocyanate,"1,6-Diisocyanatohexane",[H]-[O]-[C](-[H])(-[H])-[C](-[H])(-[H])-[O]-[C](-[H])(-[H])-[C](-[H])(-[H])-[O]-[H],hydroxyl,2-(2-Hydroxyethoxy)ethanol,urethane,OCCOCCO.O=C=NCCCCCCN=C=O,O=C=NCCCCCCNC(=O)OCCOCCO,O=C=NCCCCCCNC(=O)OCCOCCOC(=O)NCCCCCCN=C=O,O=C=NCCCCCCNC(=O)OCCOCCOC(=O)NCCCCCCNC(=O)OCCOCCOC(=O)NCCCCCCNC(=O)OCCOCCO,O=C=NCCCCCCNC(=O)OCCOCCOC(=O)NCCCCCCNC(=O)OCCOCCOC(=O)NCCCCCCNC(=O)OCCOCCOC(=O)NCCCCCCNC(=O)OCCOCCOC(=O)NCCCCCCNC(=O)OCCOCCOC(=O)NCCCCCCNC(=O)OCCOCCOC(=O)NCCCCCCNC(=O)OCCOCCOC(=O)NCCCCCCNC(=O)OCCOCCOC(=O)NCCCCCCNC(=O)OCCOCCO,2.0,7.925,,,,,,,,,1.26,,,,,,
polyurethane_isocyanate,"poly(1,6-diisocyanatohexane-co-2-[2-[2-(2-hydroxyethoxy)ethoxy]ethoxy]ethanol)",[H]-[C](-[H])(-[N]=[C]=[O])-[C](-[H])(-[H])-[C](-[H])(-[H])-[C](-[H])(-[H])-[C](-[H])(-[H])-[C](-[H])(-[H])-[N]=[C]=[O],isocyanate,"1,6-Diisocyanatohexane",[H]-[O]-[C](-[H])(-[H])-[C](-[H])(-[H])-[O]-[C](-[H])(-[H])-[C](-[H])(-[H])-[O]-[C](-[H])(-[H])-[C](-[H])(-[H])-[O]-[C](-[H])(-[H])-[C](-[H])(-[H])-[O]-[H],hydroxyl,2-[2-[2-(2-hydroxyethoxy)ethoxy]ethoxy]ethanol,urethane,O=C=NCCCCCCN=C=O.OCCOCCOCCOCCO,O=C=NCCCCCCNC(=O)OCCOCCOCCOCCO,O=C(NCCCCCCNC(=O)OCCOCCOCCOCCO)OCCOCCOCCOCCO,O=C=NCCCCCCNC(=O)OCCOCCOCCOCCOC(=O)NCCCCCCNC(=O)OCCOCCOCCOCCOC(=O)NCCCCCCNC(=O)OCCOCCOCCOCCO,O=C=NCCCCCCNC(=O)OCCOCCOCCOCCOC(=O)NCCCCCCNC(=O)OCCOCCOCCOCCOC(=O)NCCCCCCNC(=O)OCCOCCOCCOCCOC(=O)NCCCCCCNC(=O)OCCOCCOCCOCCOC(=O)NCCCCCCNC(=O)OCCOCCOCCOCCOC(=O)NCCCCCCNC(=O)OCCOCCOCCOCCOC(=O)NCCCCCCNC(=O)OCCOCCOCCOCCOC(=O)NCCCCCCNC(=O)OCCOCCOCCOCCOC(=O)NCCCCCCNC(=O)OCCOCCOCCOCCO,2.0,-23.075,,,,,,,,,1.22,,,,,,
polyurethane_isocyanate,"poly(1-isocyanato-4-[(4-isocyanatophenyl)methyl]benzene-co-butane-1,4-diol)",[H]-[C]1=[C](-[N]=[C]=[O])-[C](-[H])=[C](-[H])-[C](-[C](-[H])(-[H])-[C]2=[C](-[H])-[C](-[H])=[C](-[N]=[C]=[O])-[C](-[H])=[C]-2-[H])=[C]-1-[H],isocyanate,1-isocyanato-4-[(4-isocyanatophenyl)methyl]benzene,[H]-[O]-[C](-[H])(-[H])-[C](-[H])(-[H])-[C](-[H])(-[H])-[C](-[H])(-[H])-[O]-[H],hydroxyl,"Butane-1,4-diol",urethane,OCCCCO.O=C=Nc1ccc(Cc2ccc(N=C=O)cc2)cc1,O=C=Nc1ccc(Cc2ccc(NC(=O)OCCCCO)cc2)cc1,O=C(Nc1ccc(Cc2ccc(NC(=O)OCCCCO)cc2)cc1)OCCCCO,O=C=Nc1ccc(Cc2ccc(NC(=O)OCCCCOC(=O)Nc3ccc(Cc4ccc(NC(=O)OCCCCOC(=O)Nc5ccc(Cc6ccc(NC(=O)OCCCCO)cc6)cc5)cc4)cc3)cc2)cc1,O=C=Nc1ccc(Cc2ccc(NC(=O)OCCCCOC(=O)Nc3ccc(Cc4ccc(NC(=O)OCCCCOC(=O)Nc5ccc(Cc6ccc(NC(=O)OCCCCOC(=O)Nc7ccc(Cc8ccc(NC(=O)OCCCCOC(=O)Nc9ccc(Cc%10ccc(NC(=O)OCCCCOC(=O)Nc%11ccc(Cc%12ccc(NC(=O)OCCCCOC(=O)Nc%13ccc(Cc%14ccc(NC(=O)OCCCCOC(=O)Nc%15ccc(Cc%16ccc(NC(=O)OCCCCOC(=O)Nc%17ccc(Cc%18ccc(NC(=O)OCCCCO)cc%18)cc%17)cc%16)cc%15)cc%14)cc%13)cc%12)cc%11)cc%10)cc9)cc8)cc7)cc6)cc5)cc4)cc3)cc2)cc1,2.0,88.925,182.0,,,,,,,62.85,1.3,,,,,,
