,mechanism,rxn_name,smiles_expanded,smiles_expanded_monomer_1,smiles_expanded_monomer_2,IUPAC_monomer_1,IUPAC_monomer_2,smiles_monomer,silicon_present,sulfur_present,metal_present
0,NIPU,polyurethane_nonisocyanate,[H]-[C](-[H])(-[H])-[O]-[C](=[O])-[C](-[H])(-[H])-[C](-[H])(-[H])-[C](-[H])(-[H])-[C](-[H])(-[H])-[C](-[H])(-[H])-[C](-[H])(-[H])-[C](-[H])(-[H])-[C]1(-[H])-[O]-[C](=[O])-[O]-[C]-1(-[H])-[C](-[H])(-[H])-[C]1(-[H])-[O]-[C](=[O])-[O]-[C]-1(-[H])-[C](-[H])(-[H])-[C]1(-[H])-[O]-[C](=[O])-[O]-[C]-1(-[H])-[C](-[H])(-[H])-[C](-[H])(-[H])-[H].[H]-[N](-[H])-[C](-[H])(-[H])-[C](-[H])(-[H])-[O]-[C](-[H])(-[H])-[C](-[H])(-[H])-[O]-[C](-[H])(-[H])-[C](-[H])(-[H])-[N](-[H])-[H],[H]-[C](-[H])(-[H])-[O]-[C](=[O])-[C](-[H])(-[H])-[C](-[H])(-[H])-[C](-[H])(-[H])-[C](-[H])(-[H])-[C](-[H])(-[H])-[C](-[H])(-[H])-[C](-[H])(-[H])-[C]1(-[H])-[O]-[C](=[O])-[O]-[C]-1(-[H])-[C](-[H])(-[H])-[C]1(-[H])-[O]-[C](=[O])-[O]-[C]-1(-[H])-[C](-[H])(-[H])-[C]1(-[H])-[O]-[C](=[O])-[O]-[C]-1(-[H])-[C](-[H])(-[H])-[C](-[H])(-[H])-[H],[H]-[N](-[H])-[C](-[H])(-[H])-[C](-[H])(-[H])-[O]-[C](-[H])(-[H])-[C](-[H])(-[H])-[O]-[C](-[H])(-[H])-[C](-[H])(-[H])-[N](-[H])-[H],"methyl 8-[5-[[5-[(5-ethyl-2-oxo-1,3-dioxolan-4-yl)methyl]-2-oxo-1,3-dioxolan-4-yl]methyl]-2-oxo-1,3-dioxolan-4-yl]octanoate",2-[2-(2-aminoethoxy)ethoxy]ethanamine,NCCOCCOCCN.CCC1OC(=O)OC1CC1OC(=O)OC1CC1OC(=O)OC1CCCCCCCC(=O)OC,False,False,False
2,NIPU,polyurethane_nonisocyanate,[H]-[C](-[H])(-[H])-[O]-[C](=[O])-[C](-[H])(-[H])-[C](-[H])(-[H])-[C](-[H])(-[H])-[C](-[H])(-[H])-[C](-[H])(-[H])-[C](-[H])(-[H])-[C](-[H])(-[H])-[C]1(-[H])-[O]-[C](=[O])-[O]-[C]-1(-[H])-[C](-[H])(-[H])-[C]1(-[H])-[O]-[C](=[O])-[O]-[C]-1(-[H])-[C](-[H])(-[H])-[C]1(-[H])-[O]-[C](=[O])-[O]-[C]-1(-[H])-[C](-[H])(-[H])-[C](-[H])(-[H])-[H].[H]-[N](-[H])-[C](-[H])(-[H])-[C](-[H])(-[H])-[C](-[H])(-[H])-[C](-[H])(-[H])-[N](-[H])-[H],[H]-[C](-[H])(-[H])-[O]-[C](=[O])-[C](-[H])(-[H])-[C](-[H])(-[H])-[C](-[H])(-[H])-[C](-[H])(-[H])-[C](-[H])(-[H])-[C](-[H])(-[H])-[C](-[H])(-[H])-[C]1(-[H])-[O]-[C](=[O])-[O]-[C]-1(-[H])-[C](-[H])(-[H])-[C]1(-[H])-[O]-[C](=[O])-[O]-[C]-1(-[H])-[C](-[H])(-[H])-[C]1(-[H])-[O]-[C](=[O])-[O]-[C]-1(-[H])-[C](-[H])(-[H])-[C](-[H])(-[H])-[H],[H]-[N](-[H])-[C](-[H])(-[H])-[C](-[H])(-[H])-[C](-[H])(-[H])-[C](-[H])(-[H])-[N](-[H])-[H],"methyl 8-[5-[[5-[(5-ethyl-2-oxo-1,3-dioxolan-4-yl)methyl]-2-oxo-1,3-dioxolan-4-yl]methyl]-2-oxo-1,3-dioxolan-4-yl]octanoate","butane-1,4-diamine",NCCCCN.CCC1OC(=O)OC1CC1OC(=O)OC1CC1OC(=O)OC1CCCCCCCC(=O)OC,False,False,False
22,NIPU,polyurethane_nonisocyanate,[H]-[C](-[H])(-[O]-[C](-[H])(-[H])-[C]1(-[H])-[O]-[C](=[O])-[O]-[C]-1(-[H])-[H])-[C](-[H])(-[H])-[C](-[H])(-[H])-[C](-[H])(-[H])-[C](-[H])(-[H])-[C](-[H])(-[H])-[O]-[C](-[H])(-[H])-[C]1(-[H])-[O]-[C](=[O])-[O]-[C]-1(-[H])-[H].[H]-[O]-[C](-[C](=[O])-[N](-[H])-[C](-[H])(-[H])-[C](-[H])(-[H])-[C](-[H])(-[H])-[C](-[H])(-[H])-[C](-[H])(-[H])-[C](-[H])(-[H])-[N](-[H])-[H])(-[C](-[H])(-[H])-[C](=[O])-[N](-[H])-[C](-[H])(-[H])-[C](-[H])(-[H])-[C](-[H])(-[H])-[C](-[H])(-[H])-[C](-[H])(-[H])-[C](-[H])(-[H])-[N](-[H])-[H])-[C](-[H])(-[H])-[C](=[O])-[N](-[H])-[C](-[H])(-[H])-[C](-[H])(-[H])-[C](-[H])(-[H])-[C](-[H])(-[H])-[C](-[H])(-[H])-[C](-[H])(-[H])-[N](-[H])-[H],[H]-[C](-[H])(-[O]-[C](-[H])(-[H])-[C]1(-[H])-[O]-[C](=[O])-[O]-[C]-1(-[H])-[H])-[C](-[H])(-[H])-[C](-[H])(-[H])-[C](-[H])(-[H])-[C](-[H])(-[H])-[C](-[H])(-[H])-[O]-[C](-[H])(-[H])-[C]1(-[H])-[O]-[C](=[O])-[O]-[C]-1(-[H])-[H],[H]-[O]-[C](-[C](=[O])-[N](-[H])-[C](-[H])(-[H])-[C](-[H])(-[H])-[C](-[H])(-[H])-[C](-[H])(-[H])-[C](-[H])(-[H])-[C](-[H])(-[H])-[N](-[H])-[H])(-[C](-[H])(-[H])-[C](=[O])-[N](-[H])-[C](-[H])(-[H])-[C](-[H])(-[H])-[C](-[H])(-[H])-[C](-[H])(-[H])-[C](-[H])(-[H])-[C](-[H])(-[H])-[N](-[H])-[H])-[C](-[H])(-[H])-[C](=[O])-[N](-[H])-[C](-[H])(-[H])-[C](-[H])(-[H])-[C](-[H])(-[H])-[C](-[H])(-[H])-[C](-[H])(-[H])-[C](-[H])(-[H])-[N](-[H])-[H],"4-[6-[(2-oxo-1,3-dioxolan-4-yl)methoxy]hexoxymethyl]-1,3-dioxolan-2-one","1-N,2-N,3-N-tris(6-aminohexyl)-2-hydroxypropane-1,2,3-tricarboxamide",O=C1OCC(COCCCCCCOCC2COC(=O)O2)O1.NCCCCCCNC(=O)CC(O)(CC(=O)NCCCCCCN)C(=O)NCCCCCCN,False,False,False
23,NIPU,polyurethane_nonisocyanate,[H]-[C](-[H])(-[O]-[C](-[H])(-[H])-[C]1(-[H])-[O]-[C](=[O])-[O]-[C]-1(-[H])-[H])-[C](-[H])(-[H])-[C](-[H])(-[H])-[C](-[H])(-[H])-[C](-[H])(-[H])-[C](-[H])(-[H])-[O]-[C](-[H])(-[H])-[C]1(-[H])-[O]-[C](=[O])-[O]-[C]-1(-[H])-[H].[H]-[N](-[H])-[C](-[H])(-[H])-[C](-[H])(-[H])-[N](-[C](-[H])(-[H])-[C](-[H])(-[H])-[N](-[H])-[H])-[C](-[H])(-[H])-[C](-[H])(-[H])-[N](-[H])-[H],[H]-[C](-[H])(-[O]-[C](-[H])(-[H])-[C]1(-[H])-[O]-[C](=[O])-[O]-[C]-1(-[H])-[H])-[C](-[H])(-[H])-[C](-[H])(-[H])-[C](-[H])(-[H])-[C](-[H])(-[H])-[C](-[H])(-[H])-[O]-[C](-[H])(-[H])-[C]1(-[H])-[O]-[C](=[O])-[O]-[C]-1(-[H])-[H],[H]-[N](-[H])-[C](-[H])(-[H])-[C](-[H])(-[H])-[N](-[C](-[H])(-[H])-[C](-[H])(-[H])-[N](-[H])-[H])-[C](-[H])(-[H])-[C](-[H])(-[H])-[N](-[H])-[H],"4-[6-[(2-oxo-1,3-dioxolan-4-yl)methoxy]hexoxymethyl]-1,3-dioxolan-2-one","N',N'-bis(2-aminoethyl)ethane-1,2-diamine",NCCN(CCN)CCN.O=C1OCC(COCCCCCCOCC2COC(=O)O2)O1,False,False,False
33,NIPU,polyurethane_nonisocyanate,[H]-[C](-[H])(-[O]-[C](-[H])(-[H])-[C]1(-[H])-[O]-[C](=[O])-[O]-[C]-1(-[H])-[H])-[C](-[H])(-[H])-[C](-[H])(-[H])-[C](-[H])(-[H])-[C](-[H])(-[H])-[C](-[H])(-[H])-[O]-[C](-[H])(-[H])-[C]1(-[H])-[O]-[C](=[O])-[O]-[C]-1(-[H])-[H].[H]-[N](-[H])-[C](-[H])(-[H])-[C](-[H])(-[H])-[C](-[H])(-[H])-[N](-[H])-[C](-[H])(-[H])-[C](-[H])(-[H])-[C](-[H])(-[H])-[N](-[H])-[H],[H]-[C](-[H])(-[O]-[C](-[H])(-[H])-[C]1(-[H])-[O]-[C](=[O])-[O]-[C]-1(-[H])-[H])-[C](-[H])(-[H])-[C](-[H])(-[H])-[C](-[H])(-[H])-[C](-[H])(-[H])-[C](-[H])(-[H])-[O]-[C](-[H])(-[H])-[C]1(-[H])-[O]-[C](=[O])-[O]-[C]-1(-[H])-[H],[H]-[N](-[H])-[C](-[H])(-[H])-[C](-[H])(-[H])-[C](-[H])(-[H])-[N](-[H])-[C](-[H])(-[H])-[C](-[H])(-[H])-[C](-[H])(-[H])-[N](-[H])-[H],"4-[6-[(2-oxo-1,3-dioxolan-4-yl)methoxy]hexoxymethyl]-1,3-dioxolan-2-one","N'-(3-aminopropyl)propane-1,3-diamine",NCCCNCCCN.O=C1OCC(COCCCCCCOCC2COC(=O)O2)O1,False,False,False
36,NIPU,polyurethane_nonisocyanate,[H]-[C](-[H])(-[O]-[C](-[H])(-[H])-[C]1(-[H])-[O]-[C](=[O])-[O]-[C]-1(-[H])-[H])-[C](-[H])(-[H])-[C](-[H])(-[H])-[C](-[H])(-[H])-[C](-[H])(-[H])-[C](-[H])(-[H])-[O]-[C](-[H])(-[H])-[C]1(-[H])-[O]-[C](=[O])-[O]-[C]-1(-[H])-[H].[H]-[C]1=[C](-[H])-[C](-[C](-[H])(-[H])-[N](-[H])-[H])=[C](-[H])-[C](-[C](-[H])(-[H])-[N](-[H])-[H])=[C]-1-[H],[H]-[C](-[H])(-[O]-[C](-[H])(-[H])-[C]1(-[H])-[O]-[C](=[O])-[O]-[C]-1(-[H])-[H])-[C](-[H])(-[H])-[C](-[H])(-[H])-[C](-[H])(-[H])-[C](-[H])(-[H])-[C](-[H])(-[H])-[O]-[C](-[H])(-[H])-[C]1(-[H])-[O]-[C](=[O])-[O]-[C]-1(-[H])-[H],[H]-[C]1=[C](-[H])-[C](-[C](-[H])(-[H])-[N](-[H])-[H])=[C](-[H])-[C](-[C](-[H])(-[H])-[N](-[H])-[H])=[C]-1-[H],"4-[6-[(2-oxo-1,3-dioxolan-4-yl)methoxy]hexoxymethyl]-1,3-dioxolan-2-one",[3-(aminomethyl)phenyl]methanamine,NCc1cccc(CN)c1.O=C1OCC(COCCCCCCOCC2COC(=O)O2)O1,False,False,False
37,NIPU,polyurethane_nonisocyanate,[H]-[C](-[H])(-[H])-[O]-[C](=[O])-[C](-[H])(-[H])-[C](-[H])(-[H])-[C](-[H])(-[H])-[C](-[H])(-[H])-[C](-[H])(-[H])-[C](-[H])(-[H])-[C](-[H])(-[H])-[C]1(-[H])-[O]-[C](=[O])-[O]-[C]-1(-[H])-[C](-[H])(-[H])-[C]1(-[H])-[O]-[C](=[O])-[O]-[C]-1(-[H])-[C](-[H])(-[H])-[C]1(-[H])-[O]-[C](=[O])-[O]-[C]-1(-[H])-[C](-[H])(-[H])-[C](-[H])(-[H])-[H].[H]-[C]1=[C](-[H])-[C](-[C](-[H])(-[H])-[N](-[H])-[H])=[C](-[H])-[C](-[C](-[H])(-[H])-[N](-[H])-[H])=[C]-1-[H],[H]-[C](-[H])(-[H])-[O]-[C](=[O])-[C](-[H])(-[H])-[C](-[H])(-[H])-[C](-[H])(-[H])-[C](-[H])(-[H])-[C](-[H])(-[H])-[C](-[H])(-[H])-[C](-[H])(-[H])-[C]1(-[H])-[O]-[C](=[O])-[O]-[C]-1(-[H])-[C](-[H])(-[H])-[C]1(-[H])-[O]-[C](=[O])-[O]-[C]-1(-[H])-[C](-[H])(-[H])-[C]1(-[H])-[O]-[C](=[O])-[O]-[C]-1(-[H])-[C](-[H])(-[H])-[C](-[H])(-[H])-[H],[H]-[C]1=[C](-[H])-[C](-[C](-[H])(-[H])-[N](-[H])-[H])=[C](-[H])-[C](-[C](-[H])(-[H])-[N](-[H])-[H])=[C]-1-[H],"methyl 8-[5-[[5-[(5-ethyl-2-oxo-1,3-dioxolan-4-yl)methyl]-2-oxo-1,3-dioxolan-4-yl]methyl]-2-oxo-1,3-dioxolan-4-yl]octanoate",[3-(aminomethyl)phenyl]methanamine,NCc1cccc(CN)c1.CCC1OC(=O)OC1CC1OC(=O)OC1CC1OC(=O)OC1CCCCCCCC(=O)OC,False,False,False
39,NIPU,polyurethane_nonisocyanate,[H]-[C](-[H])(-[H])-[O]-[C](=[O])-[C](-[H])(-[H])-[C](-[H])(-[H])-[C](-[H])(-[H])-[C](-[H])(-[H])-[C](-[H])(-[H])-[C](-[H])(-[H])-[C](-[H])(-[H])-[C]1(-[H])-[O]-[C](=[O])-[O]-[C]-1(-[H])-[C](-[H])(-[H])-[C]1(-[H])-[O]-[C](=[O])-[O]-[C]-1(-[H])-[C](-[H])(-[H])-[C]1(-[H])-[O]-[C](=[O])-[O]-[C]-1(-[H])-[C](-[H])(-[H])-[C](-[H])(-[H])-[H].[H]-[N](-[H])-[C](-[H])(-[H])-[C](-[H])(-[H])-[C](-[H])(-[H])-[N](-[H])-[C](-[H])(-[H])-[C](-[H])(-[H])-[C](-[H])(-[H])-[N](-[H])-[H],[H]-[C](-[H])(-[H])-[O]-[C](=[O])-[C](-[H])(-[H])-[C](-[H])(-[H])-[C](-[H])(-[H])-[C](-[H])(-[H])-[C](-[H])(-[H])-[C](-[H])(-[H])-[C](-[H])(-[H])-[C]1(-[H])-[O]-[C](=[O])-[O]-[C]-1(-[H])-[C](-[H])(-[H])-[C]1(-[H])-[O]-[C](=[O])-[O]-[C]-1(-[H])-[C](-[H])(-[H])-[C]1(-[H])-[O]-[C](=[O])-[O]-[C]-1(-[H])-[C](-[H])(-[H])-[C](-[H])(-[H])-[H],[H]-[N](-[H])-[C](-[H])(-[H])-[C](-[H])(-[H])-[C](-[H])(-[H])-[N](-[H])-[C](-[H])(-[H])-[C](-[H])(-[H])-[C](-[H])(-[H])-[N](-[H])-[H],"methyl 8-[5-[[5-[(5-ethyl-2-oxo-1,3-dioxolan-4-yl)methyl]-2-oxo-1,3-dioxolan-4-yl]methyl]-2-oxo-1,3-dioxolan-4-yl]octanoate","N'-(3-aminopropyl)propane-1,3-diamine",NCCCNCCCN.CCC1OC(=O)OC1CC1OC(=O)OC1CC1OC(=O)OC1CCCCCCCC(=O)OC,False,False,False
40,NIPU,polyurethane_nonisocyanate,[H]-[C]1=[C](-[O]-[C](-[H])(-[H])-[C]2(-[H])-[O]-[C](=[O])-[O]-[C]-2(-[H])-[H])-[C](-[H])=[C](-[H])-[C](-[C](-[C]2=[C](-[H])-[C](-[H])=[C](-[O]-[C](-[H])(-[H])-[C]3(-[H])-[O]-[C](=[O])-[O]-[C]-3(-[H])-[H])-[C](-[H])=[C]-2-[H])(-[C](-[H])(-[H])-[H])-[C](-[H])(-[H])-[H])=[C]-1-[H].[H]-[N](-[H])-[C](-[H])(-[H])-[C](-[H])(-[H])-[C](-[H])(-[H])-[C](-[H])(-[H])-[C](-[H])(-[H])-[C](-[H])(-[H])-[C](-[H])(-[H])-[C](-[H])(-[H])-[C](-[H])(-[H])-[C](-[H])(-[H])-[C](-[H])(-[H])-[C](-[H])(-[H])-[N](-[H])-[H],[H]-[C]1=[C](-[O]-[C](-[H])(-[H])-[C]2(-[H])-[O]-[C](=[O])-[O]-[C]-2(-[H])-[H])-[C](-[H])=[C](-[H])-[C](-[C](-[C]2=[C](-[H])-[C](-[H])=[C](-[O]-[C](-[H])(-[H])-[C]3(-[H])-[O]-[C](=[O])-[O]-[C]-3(-[H])-[H])-[C](-[H])=[C]-2-[H])(-[C](-[H])(-[H])-[H])-[C](-[H])(-[H])-[H])=[C]-1-[H],[H]-[N](-[H])-[C](-[H])(-[H])-[C](-[H])(-[H])-[C](-[H])(-[H])-[C](-[H])(-[H])-[C](-[H])(-[H])-[C](-[H])(-[H])-[C](-[H])(-[H])-[C](-[H])(-[H])-[C](-[H])(-[H])-[C](-[H])(-[H])-[C](-[H])(-[H])-[C](-[H])(-[H])-[N](-[H])-[H],"4-[[4-[2-[4-[(2-oxo-1,3-dioxolan-4-yl)methoxy]phenyl]propan-2-yl]phenoxy]methyl]-1,3-dioxolan-2-one","dodecane-1,12-diamine",NCCCCCCCCCCCCN.CC(C)(c1ccc(OCC2COC(=O)O2)cc1)c1ccc(OCC2COC(=O)O2)cc1,False,False,False
45,NIPU,polyurethane_nonisocyanate,[H]-[C]1=[C](-[O]-[C](-[H])(-[H])-[C]2(-[H])-[O]-[C](=[O])-[O]-[C]-2(-[H])-[H])-[C](-[H])=[C](-[H])-[C](-[O]-[C](-[H])(-[H])-[C]2(-[H])-[O]-[C](=[O])-[O]-[C]-2(-[H])-[H])=[C]-1-[H].[H]-[N](-[H])-[C](-[H])(-[H])-[C](-[H])(-[H])-[C](-[H])(-[H])-[C](-[H])(-[H])-[C](-[H])(-[H])-[C](-[H])(-[H])-[N](-[H])-[H],[H]-[C]1=[C](-[O]-[C](-[H])(-[H])-[C]2(-[H])-[O]-[C](=[O])-[O]-[C]-2(-[H])-[H])-[C](-[H])=[C](-[H])-[C](-[O]-[C](-[H])(-[H])-[C]2(-[H])-[O]-[C](=[O])-[O]-[C]-2(-[H])-[H])=[C]-1-[H],[H]-[N](-[H])-[C](-[H])(-[H])-[C](-[H])(-[H])-[C](-[H])(-[H])-[C](-[H])(-[H])-[C](-[H])(-[H])-[C](-[H])(-[H])-[N](-[H])-[H],"4-[[4-[(2-oxo-1,3-dioxolan-4-yl)methoxy]phenoxy]methyl]-1,3-dioxolan-2-one","hexane-1,6-diamine",NCCCCCCN.O=C1OCC(COc2ccc(OCC3COC(=O)O3)cc2)O1,False,False,False
49,NIPU,polyurethane_nonisocyanate,[H]-[C]1=[C](-[H])-[C](-[O]-[C](-[H])(-[H])-[C]2(-[H])-[O]-[C](=[O])-[O]-[C]-2(-[H])-[H])=[C](-[H])-[C](-[O]-[C](-[H])(-[H])-[C]2(-[H])-[O]-[C](=[O])-[O]-[C]-2(-[H])-[H])=[C]-1-[H].[H]-[N](-[H])-[C](-[H])(-[H])-[C](-[H])(-[H])-[O]-[C](-[H])(-[H])-[C](-[H])(-[H])-[O]-[C](-[H])(-[H])-[C](-[H])(-[H])-[N](-[H])-[H],[H]-[C]1=[C](-[H])-[C](-[O]-[C](-[H])(-[H])-[C]2(-[H])-[O]-[C](=[O])-[O]-[C]-2(-[H])-[H])=[C](-[H])-[C](-[O]-[C](-[H])(-[H])-[C]2(-[H])-[O]-[C](=[O])-[O]-[C]-2(-[H])-[H])=[C]-1-[H],[H]-[N](-[H])-[C](-[H])(-[H])-[C](-[H])(-[H])-[O]-[C](-[H])(-[H])-[C](-[H])(-[H])-[O]-[C](-[H])(-[H])-[C](-[H])(-[H])-[N](-[H])-[H],"4-[[3-[(2-oxo-1,3-dioxolan-4-yl)methoxy]phenoxy]methyl]-1,3-dioxolan-2-one",2-[2-(2-aminoethoxy)ethoxy]ethanamine,NCCOCCOCCN.O=C1OCC(COc2cccc(OCC3COC(=O)O3)c2)O1,False,False,False
52,urethane,polyurethane_isocyanate,[H]-[C]1=[C](-[N]=[C]=[O])-[C](-[H])=[C](-[H])-[C](-[C](-[H])(-[H])-[C]2=[C](-[H])-[C](-[H])=[C](-[N]=[C]=[O])-[C](-[H])=[C]-2-[H])=[C]-1-[H].[H]-[O]-[C](-[H])(-[H])-[C](-[C](-[H])(-[H])-[H])(-[C](-[H])(-[H])-[O]-[H])-[C](-[H])(-[H])-[N](-[C](-[H])(-[H])-[H])-[C](-[H])(-[H])-[H],[H]-[C]1=[C](-[N]=[C]=[O])-[C](-[H])=[C](-[H])-[C](-[C](-[H])(-[H])-[C]2=[C](-[H])-[C](-[H])=[C](-[N]=[C]=[O])-[C](-[H])=[C]-2-[H])=[C]-1-[H],[H]-[O]-[C](-[H])(-[H])-[C](-[C](-[H])(-[H])-[H])(-[C](-[H])(-[H])-[O]-[H])-[C](-[H])(-[H])-[N](-[C](-[H])(-[H])-[H])-[C](-[H])(-[H])-[H],1-isocyanato-4-[(4-isocyanatophenyl)methyl]benzene,"2-[(dimethylamino)methyl]-2-methylpropane-1,3-diol",CN(C)CC(C)(CO)CO.O=C=Nc1ccc(Cc2ccc(N=C=O)cc2)cc1,False,False,False
53,urethane,polyurethane_isocyanate,[H]-[C](-[H])(-[N]=[C]=[O])-[C](-[H])(-[H])-[C](-[H])(-[H])-[C](-[H])(-[H])-[C](-[H])(-[H])-[C](-[H])(-[H])-[C](-[H])(-[H])-[C](-[H])(-[H])-[C](-[H])(-[H])-[C](-[H])(-[H])-[N]=[C]=[O].[H]-[O]-[C](-[H])(-[H])-[C](-[H])(-[H])-[C](-[H])(-[H])-[C](-[H])(-[H])-[C](-[H])(-[H])-[C](-[H])(-[H])-[C](-[H])(-[H])-[C](-[H])(-[H])-[C](-[H])=[C](-[H])-[C](-[H])(-[H])-[C](-[H])(-[O]-[H])-[C](-[H])(-[H])-[C](-[H])(-[H])-[C](-[H])(-[H])-[C](-[H])(-[H])-[C](-[H])(-[H])-[C](-[H])(-[H])-[H],[H]-[C](-[H])(-[N]=[C]=[O])-[C](-[H])(-[H])-[C](-[H])(-[H])-[C](-[H])(-[H])-[C](-[H])(-[H])-[C](-[H])(-[H])-[C](-[H])(-[H])-[C](-[H])(-[H])-[C](-[H])(-[H])-[C](-[H])(-[H])-[N]=[C]=[O],[H]-[O]-[C](-[H])(-[H])-[C](-[H])(-[H])-[C](-[H])(-[H])-[C](-[H])(-[H])-[C](-[H])(-[H])-[C](-[H])(-[H])-[C](-[H])(-[H])-[C](-[H])(-[H])-[C](-[H])=[C](-[H])-[C](-[H])(-[H])-[C](-[H])(-[O]-[H])-[C](-[H])(-[H])-[C](-[H])(-[H])-[C](-[H])(-[H])-[C](-[H])(-[H])-[C](-[H])(-[H])-[C](-[H])(-[H])-[H],"1,10-diisocyanatodecane","octadec-9-ene-1,12-diol",O=C=NCCCCCCCCCCN=C=O.CCCCCCC(O)CC=CCCCCCCCCO,False,False,False
54,urethane,polyurethane_isocyanate,[H]-[C](-[H])(-[N]=[C]=[O])-[C](-[H])(-[H])-[C](-[H])(-[H])-[C](-[H])(-[H])-[N]=[C]=[O].[H]-[O]-[C](-[H])(-[H])-[C](-[H])(-[H])-[C](-[H])(-[H])-[O]-[H],[H]-[C](-[H])(-[N]=[C]=[O])-[C](-[H])(-[H])-[C](-[H])(-[H])-[C](-[H])(-[H])-[N]=[C]=[O],[H]-[O]-[C](-[H])(-[H])-[C](-[H])(-[H])-[C](-[H])(-[H])-[O]-[H],"1,4-diisocyanatobutane","propane-1,3-diol",OCCCO.O=C=NCCCCN=C=O,False,False,False
56,urethane,polyurethane_isocyanate,[H]-[C](-[H])(-[N]=[C]=[O])-[C](-[H])(-[H])-[C](-[H])(-[H])-[C](-[H])(-[H])-[C](-[H])(-[H])-[C](-[H])(-[H])-[N]=[C]=[O].[H]-[O]-[C](-[H])(-[H])-[C]1(-[H])-[C](-[H])(-[H])-[C]2(-[H])-[C]3(-[H])-[C](-[H])(-[H])-[C](-[H])(-[C](-[H])(-[H])-[O]-[H])-[C](-[H])(-[C]-3(-[H])-[H])-[C]-2(-[H])-[C]-1(-[H])-[H],[H]-[C](-[H])(-[N]=[C]=[O])-[C](-[H])(-[H])-[C](-[H])(-[H])-[C](-[H])(-[H])-[C](-[H])(-[H])-[C](-[H])(-[H])-[N]=[C]=[O],[H]-[O]-[C](-[H])(-[H])-[C]1(-[H])-[C](-[H])(-[H])-[C]2(-[H])-[C]3(-[H])-[C](-[H])(-[H])-[C](-[H])(-[C](-[H])(-[H])-[O]-[H])-[C](-[H])(-[C]-3(-[H])-[H])-[C]-2(-[H])-[C]-1(-[H])-[H],"1,6-diisocyanatohexane","[8-(hydroxymethyl)-4-tricyclo[5.2.1.02,6]decanyl]methanol",O=C=NCCCCCCN=C=O.OCC1CC2C3CC(CO)C(C3)C2C1,False,False,False
57,urethane,polyurethane_isocyanate,[H]-[C](-[H])(-[H])-[C]1(-[C](-[H])(-[H])-[H])-[C](-[H])(-[H])-[C](-[H])(-[N]=[C]=[O])-[C](-[H])(-[H])-[C](-[C](-[H])(-[H])-[H])(-[C](-[H])(-[H])-[N]=[C]=[O])-[C]-1(-[H])-[H].[H]-[O]-[C]1=[C](-[H])-[C](-[H])=[C](-[N]=[C](-[H])-[C]2=[C](-[H])-[C](-[H])=[C](-[C](-[H])=[N]-[C]3=[C](-[H])-[C](-[H])=[C](-[O]-[H])-[C](-[H])=[C]-3-[H])-[C](-[H])=[C]-2-[H])-[C](-[H])=[C]-1-[H],[H]-[C](-[H])(-[H])-[C]1(-[C](-[H])(-[H])-[H])-[C](-[H])(-[H])-[C](-[H])(-[N]=[C]=[O])-[C](-[H])(-[H])-[C](-[C](-[H])(-[H])-[H])(-[C](-[H])(-[H])-[N]=[C]=[O])-[C]-1(-[H])-[H],[H]-[O]-[C]1=[C](-[H])-[C](-[H])=[C](-[N]=[C](-[H])-[C]2=[C](-[H])-[C](-[H])=[C](-[C](-[H])=[N]-[C]3=[C](-[H])-[C](-[H])=[C](-[O]-[H])-[C](-[H])=[C]-3-[H])-[C](-[H])=[C]-2-[H])-[C](-[H])=[C]-1-[H],"5-isocyanato-1-(isocyanatomethyl)-1,3,3-trimethylcyclohexane",4-[[4-[(4-hydroxyphenyl)iminomethyl]phenyl]methylideneamino]phenol,CC1(C)CC(N=C=O)CC(C)(CN=C=O)C1.Oc1ccc(N=Cc2ccc(C=Nc3ccc(O)cc3)cc2)cc1,False,False,False
58,urethane,polyurethane_isocyanate,[H]-[C](-[H])(-[N]=[C]=[O])-[C](-[H])(-[H])-[C](-[H])(-[H])-[C](-[H])(-[H])-[C](-[H])(-[H])-[C](-[H])(-[H])-[N]=[C]=[O].[H]-[O]-[C]1(-[H])-[C](-[H])(-[H])-[O]-[C]2(-[H])-[C](-[H])(-[O]-[H])-[C](-[H])(-[H])-[O]-[C]-1-2-[H],[H]-[C](-[H])(-[N]=[C]=[O])-[C](-[H])(-[H])-[C](-[H])(-[H])-[C](-[H])(-[H])-[C](-[H])(-[H])-[C](-[H])(-[H])-[N]=[C]=[O],[H]-[O]-[C]1(-[H])-[C](-[H])(-[H])-[O]-[C]2(-[H])-[C](-[H])(-[O]-[H])-[C](-[H])(-[H])-[O]-[C]-1-2-[H],"1,6-diisocyanatohexane","2,3,3a,5,6,6a-hexahydrofuro[3,2-b]furan-3,6-diol",OC1COC2C(O)COC12.O=C=NCCCCCCN=C=O,False,False,False
59,urethane,polyurethane_isocyanate,[H]-[C](-[H])(-[N]=[C]=[O])-[C](-[H])(-[H])-[C](-[H])(-[H])-[C](-[H])(-[H])-[N]=[C]=[O].[H]-[O]-[C](-[H])(-[H])-[C](-[H])(-[H])-[C](-[H])(-[H])-[C](-[H])(-[H])-[C](-[H])(-[H])-[C](-[H])(-[H])-[C](-[H])(-[H])-[C](-[H])(-[H])-[C](-[H])(-[H])-[C](-[H])(-[H])-[O]-[H],[H]-[C](-[H])(-[N]=[C]=[O])-[C](-[H])(-[H])-[C](-[H])(-[H])-[C](-[H])(-[H])-[N]=[C]=[O],[H]-[O]-[C](-[H])(-[H])-[C](-[H])(-[H])-[C](-[H])(-[H])-[C](-[H])(-[H])-[C](-[H])(-[H])-[C](-[H])(-[H])-[C](-[H])(-[H])-[C](-[H])(-[H])-[C](-[H])(-[H])-[C](-[H])(-[H])-[O]-[H],"1,4-diisocyanatobutane","decane-1,10-diol",O=C=NCCCCN=C=O.OCCCCCCCCCCO,False,False,False
60,urethane,polyurethane_isocyanate,[H]-[C](-[H])(-[N]=[C]=[O])-[C](-[H])(-[H])-[C](-[H])(-[H])-[C](-[H])(-[H])-[N]=[C]=[O].[H]-[O]-[C](-[H])(-[H])-[C](-[H])(-[H])-[N](-[C]1=[C](-[H])-[C](-[H])=[C](-[H])-[C](-[H])=[C]-1-[H])-[C](-[H])(-[H])-[C](-[H])(-[H])-[O]-[H],[H]-[C](-[H])(-[N]=[C]=[O])-[C](-[H])(-[H])-[C](-[H])(-[H])-[C](-[H])(-[H])-[N]=[C]=[O],[H]-[O]-[C](-[H])(-[H])-[C](-[H])(-[H])-[N](-[C]1=[C](-[H])-[C](-[H])=[C](-[H])-[C](-[H])=[C]-1-[H])-[C](-[H])(-[H])-[C](-[H])(-[H])-[O]-[H],"1,4-diisocyanatobutane",2-[N-(2-hydroxyethyl)anilino]ethanol,O=C=NCCCCN=C=O.OCCN(CCO)c1ccccc1,False,False,False
61,urethane,polyurethane_isocyanate,[H]-[C]1(-[H])-[C](-[H])(-[H])-[C](-[H])(-[N]=[C]=[O])-[C](-[H])(-[H])-[C](-[H])(-[H])-[C]-1(-[H])-[N]=[C]=[O].[H]-[O]-[C](-[H])(-[H])-[C]1(-[H])-[C](-[H])(-[H])-[C]2(-[H])-[C](-[H])(-[H])-[C]-1(-[H])-[C]1(-[H])-[C](-[H])(-[H])-[C](-[H])(-[H])-[C](-[H])(-[C](-[H])(-[H])-[O]-[H])-[C]-2-1-[H],[H]-[C]1(-[H])-[C](-[H])(-[H])-[C](-[H])(-[N]=[C]=[O])-[C](-[H])(-[H])-[C](-[H])(-[H])-[C]-1(-[H])-[N]=[C]=[O],[H]-[O]-[C](-[H])(-[H])-[C]1(-[H])-[C](-[H])(-[H])-[C]2(-[H])-[C](-[H])(-[H])-[C]-1(-[H])-[C]1(-[H])-[C](-[H])(-[H])-[C](-[H])(-[H])-[C](-[H])(-[C](-[H])(-[H])-[O]-[H])-[C]-2-1-[H],"1,4-diisocyanatocyclohexane","[8-(hydroxymethyl)-3-tricyclo[5.2.1.02,6]decanyl]methanol",O=C=NC1CCC(N=C=O)CC1.OCC1CC2CC1C1CCC(CO)C21,False,False,False
63,urethane,polyurethane_isocyanate,[H]-[C]1=[C](-[N]=[C]=[O])-[C](-[H])=[C](-[H])-[C](-[C](-[H])(-[H])-[C]2=[C](-[H])-[C](-[H])=[C](-[N]=[C]=[O])-[C](-[H])=[C]-2-[H])=[C]-1-[H].[H]-[O]-[C](-[H])(-[H])-[C](-[H])(-[H])-[N](-[C]1=[C](-[H])-[C](-[H])=[C](-[H])-[C](-[H])=[C]-1-[H])-[C](-[H])(-[H])-[C](-[H])(-[H])-[O]-[H],[H]-[C]1=[C](-[N]=[C]=[O])-[C](-[H])=[C](-[H])-[C](-[C](-[H])(-[H])-[C]2=[C](-[H])-[C](-[H])=[C](-[N]=[C]=[O])-[C](-[H])=[C]-2-[H])=[C]-1-[H],[H]-[O]-[C](-[H])(-[H])-[C](-[H])(-[H])-[N](-[C]1=[C](-[H])-[C](-[H])=[C](-[H])-[C](-[H])=[C]-1-[H])-[C](-[H])(-[H])-[C](-[H])(-[H])-[O]-[H],1-isocyanato-4-[(4-isocyanatophenyl)methyl]benzene,2-[N-(2-hydroxyethyl)anilino]ethanol,OCCN(CCO)c1ccccc1.O=C=Nc1ccc(Cc2ccc(N=C=O)cc2)cc1,False,False,False
64,urethane,polyurethane_isocyanate,[H]-[C](-[H])(-[N]=[C]=[O])-[C](-[H])(-[H])-[C](-[H])(-[H])-[C](-[H])(-[H])-[C](-[H])(-[H])-[C](-[H])(-[H])-[N]=[C]=[O].[H]-[O]-[C](-[H])(-[H])-[C]1=[C](-[H])-[C](-[H])=[C](-[H])-[C](-[C](-[H])(-[H])-[O]-[H])=[N]-1,[H]-[C](-[H])(-[N]=[C]=[O])-[C](-[H])(-[H])-[C](-[H])(-[H])-[C](-[H])(-[H])-[C](-[H])(-[H])-[C](-[H])(-[H])-[N]=[C]=[O],[H]-[O]-[C](-[H])(-[H])-[C]1=[C](-[H])-[C](-[H])=[C](-[H])-[C](-[C](-[H])(-[H])-[O]-[H])=[N]-1,"1,6-diisocyanatohexane",[6-(hydroxymethyl)pyridin-2-yl]methanol,OCc1cccc(CO)n1.O=C=NCCCCCCN=C=O,False,False,False
65,urethane,polyurethane_isocyanate,[H]-[C](-[H])(-[N]=[C]=[O])-[C](-[H])(-[H])-[C](-[H])(-[H])-[C](-[H])(-[H])-[C](-[H])(-[H])-[C](-[H])(-[H])-[C](-[H])(-[H])-[C](-[H])(-[H])-[N]=[C]=[O].[H]-[O]-[C](-[H])(-[H])-[C](-[H])(-[H])-[C](-[H])(-[H])-[C](-[H])(-[H])-[C](-[H])(-[H])-[C](-[H])(-[H])-[C](-[H])(-[H])-[C](-[H])(-[H])-[C](-[H])(-[H])-[C](-[H])(-[H])-[C](-[H])(-[H])-[C](-[H])(-[H])-[C](-[H])(-[H])-[C](-[H])(-[H])-[C](-[H])(-[H])-[C](-[H])(-[H])-[C](-[H])(-[H])-[C](-[H])(-[H])-[C](-[H])(-[H])-[C](-[H])(-[H])-[O]-[H],[H]-[C](-[H])(-[N]=[C]=[O])-[C](-[H])(-[H])-[C](-[H])(-[H])-[C](-[H])(-[H])-[C](-[H])(-[H])-[C](-[H])(-[H])-[C](-[H])(-[H])-[C](-[H])(-[H])-[N]=[C]=[O],[H]-[O]-[C](-[H])(-[H])-[C](-[H])(-[H])-[C](-[H])(-[H])-[C](-[H])(-[H])-[C](-[H])(-[H])-[C](-[H])(-[H])-[C](-[H])(-[H])-[C](-[H])(-[H])-[C](-[H])(-[H])-[C](-[H])(-[H])-[C](-[H])(-[H])-[C](-[H])(-[H])-[C](-[H])(-[H])-[C](-[H])(-[H])-[C](-[H])(-[H])-[C](-[H])(-[H])-[C](-[H])(-[H])-[C](-[H])(-[H])-[C](-[H])(-[H])-[C](-[H])(-[H])-[O]-[H],"1,8-diisocyanatooctane","icosane-1,20-diol",O=C=NCCCCCCCCN=C=O.OCCCCCCCCCCCCCCCCCCCCO,False,False,False
66,urethane,polyurethane_isocyanate,[H]-[C](-[H])(-[N]=[C]=[O])-[C]1(-[H])-[C](-[H])(-[H])-[C](-[H])(-[H])-[C](-[H])(-[H])-[C](-[H])(-[C](-[H])(-[H])-[N]=[C]=[O])-[C]-1(-[H])-[H].[H]-[O]-[C](-[H])(-[H])-[C]1(-[H])-[C](-[H])(-[H])-[C](-[H])(-[H])-[C](-[H])(-[C](-[H])(-[H])-[O]-[H])-[C](-[H])(-[H])-[C]-1(-[H])-[H],[H]-[C](-[H])(-[N]=[C]=[O])-[C]1(-[H])-[C](-[H])(-[H])-[C](-[H])(-[H])-[C](-[H])(-[H])-[C](-[H])(-[C](-[H])(-[H])-[N]=[C]=[O])-[C]-1(-[H])-[H],[H]-[O]-[C](-[H])(-[H])-[C]1(-[H])-[C](-[H])(-[H])-[C](-[H])(-[H])-[C](-[H])(-[C](-[H])(-[H])-[O]-[H])-[C](-[H])(-[H])-[C]-1(-[H])-[H],"1,3-bis(isocyanatomethyl)cyclohexane",[4-(hydroxymethyl)cyclohexyl]methanol,OCC1CCC(CO)CC1.O=C=NCC1CCCC(CN=C=O)C1,False,False,False
67,urethane,polyurethane_isocyanate,[H]-[C](-[H])(-[H])-[C]1(-[C](-[H])(-[H])-[H])-[C](-[H])(-[H])-[C](-[H])(-[N]=[C]=[O])-[C](-[H])(-[H])-[C](-[C](-[H])(-[H])-[H])(-[C](-[H])(-[H])-[N]=[C]=[O])-[C]-1(-[H])-[H].[H]-[O]-[C](-[H])(-[H])-[C](-[H])(-[H])-[O]-[C](-[H])(-[H])-[C](-[H])(-[H])-[O]-[C](-[H])(-[H])-[C](-[H])(-[H])-[O]-[C](-[H])(-[H])-[C](-[H])(-[H])-[O]-[H],[H]-[C](-[H])(-[H])-[C]1(-[C](-[H])(-[H])-[H])-[C](-[H])(-[H])-[C](-[H])(-[N]=[C]=[O])-[C](-[H])(-[H])-[C](-[C](-[H])(-[H])-[H])(-[C](-[H])(-[H])-[N]=[C]=[O])-[C]-1(-[H])-[H],[H]-[O]-[C](-[H])(-[H])-[C](-[H])(-[H])-[O]-[C](-[H])(-[H])-[C](-[H])(-[H])-[O]-[C](-[H])(-[H])-[C](-[H])(-[H])-[O]-[C](-[H])(-[H])-[C](-[H])(-[H])-[O]-[H],"5-isocyanato-1-(isocyanatomethyl)-1,3,3-trimethylcyclohexane",2-[2-[2-(2-hydroxyethoxy)ethoxy]ethoxy]ethanol,OCCOCCOCCOCCO.CC1(C)CC(N=C=O)CC(C)(CN=C=O)C1,False,False,False
69,urethane,polyurethane_isocyanate,[H]-[C](-[H])(-[H])-[C]1(-[C](-[H])(-[H])-[H])-[C](-[H])(-[H])-[C](-[H])(-[N]=[C]=[O])-[C](-[H])(-[H])-[C](-[C](-[H])(-[H])-[H])(-[C](-[H])(-[H])-[N]=[C]=[O])-[C]-1(-[H])-[H].[H]-[O]-[C](-[H])(-[H])-[C](-[H])(-[H])-[C](-[H])(-[H])-[C](-[H])(-[H])-[O]-[H],[H]-[C](-[H])(-[H])-[C]1(-[C](-[H])(-[H])-[H])-[C](-[H])(-[H])-[C](-[H])(-[N]=[C]=[O])-[C](-[H])(-[H])-[C](-[C](-[H])(-[H])-[H])(-[C](-[H])(-[H])-[N]=[C]=[O])-[C]-1(-[H])-[H],[H]-[O]-[C](-[H])(-[H])-[C](-[H])(-[H])-[C](-[H])(-[H])-[C](-[H])(-[H])-[O]-[H],"5-isocyanato-1-(isocyanatomethyl)-1,3,3-trimethylcyclohexane","butane-1,4-diol",OCCCCO.CC1(C)CC(N=C=O)CC(C)(CN=C=O)C1,False,False,False
70,urethane,polyurethane_isocyanate,[H]-[C](-[H])(-[N]=[C]=[O])-[C](-[H])(-[H])-[C](-[H])(-[H])-[C](-[H])(-[H])-[C](-[H])(-[H])-[C](-[H])(-[H])-[C](-[H])(-[H])-[C](-[H])(-[H])-[C](-[H])(-[H])-[C](-[H])(-[H])-[C](-[H])(-[H])-[C](-[H])(-[H])-[C](-[H])(-[H])-[C](-[H])(-[H])-[C](-[H])(-[H])-[C](-[H])(-[H])-[C](-[H])(-[H])-[C](-[H])(-[H])-[N]=[C]=[O].[H]-[O]-[C](-[H])(-[H])-[C](-[H])(-[H])-[C](-[H])(-[H])-[C](-[H])(-[H])-[C](-[H])(-[H])-[C](-[H])(-[H])-[C](-[H])(-[H])-[C](-[H])(-[H])-[C](-[H])(-[H])-[C](-[H])(-[H])-[O]-[H],[H]-[C](-[H])(-[N]=[C]=[O])-[C](-[H])(-[H])-[C](-[H])(-[H])-[C](-[H])(-[H])-[C](-[H])(-[H])-[C](-[H])(-[H])-[C](-[H])(-[H])-[C](-[H])(-[H])-[C](-[H])(-[H])-[C](-[H])(-[H])-[C](-[H])(-[H])-[C](-[H])(-[H])-[C](-[H])(-[H])-[C](-[H])(-[H])-[C](-[H])(-[H])-[C](-[H])(-[H])-[C](-[H])(-[H])-[C](-[H])(-[H])-[N]=[C]=[O],[H]-[O]-[C](-[H])(-[H])-[C](-[H])(-[H])-[C](-[H])(-[H])-[C](-[H])(-[H])-[C](-[H])(-[H])-[C](-[H])(-[H])-[C](-[H])(-[H])-[C](-[H])(-[H])-[C](-[H])(-[H])-[C](-[H])(-[H])-[O]-[H],"1,18-diisocyanatooctadecane","decane-1,10-diol",OCCCCCCCCCCO.O=C=NCCCCCCCCCCCCCCCCCCN=C=O,False,False,False
74,urethane,polyurethane_isocyanate,[H]-[C](-[H])(-[N]=[C]=[O])-[C](-[H])(-[H])-[C](-[H])(-[H])-[C](-[H])(-[H])-[N]=[C]=[O].[H]-[O]-[C](-[H])(-[H])-[C]1=[C](-[H])-[C](-[H])=[C](-[H])-[C](-[C](-[H])(-[H])-[O]-[H])=[N]-1,[H]-[C](-[H])(-[N]=[C]=[O])-[C](-[H])(-[H])-[C](-[H])(-[H])-[C](-[H])(-[H])-[N]=[C]=[O],[H]-[O]-[C](-[H])(-[H])-[C]1=[C](-[H])-[C](-[H])=[C](-[H])-[C](-[C](-[H])(-[H])-[O]-[H])=[N]-1,"1,4-diisocyanatobutane",[6-(hydroxymethyl)pyridin-2-yl]methanol,OCc1cccc(CO)n1.O=C=NCCCCN=C=O,False,False,False
75,urethane,polyurethane_isocyanate,[H]-[C](-[H])(-[N]=[C]=[O])-[C](-[H])(-[H])-[C](-[H])(-[H])-[C](-[H])(-[H])-[C](-[H])(-[H])-[C](-[H])(-[H])-[N]=[C]=[O].[H]-[O]-[C](-[H])(-[H])-[C](-[H])(-[H])-[O]-[C](-[H])(-[H])-[C](-[H])(-[H])-[O]-[C](-[H])(-[H])-[C](-[H])(-[H])-[O]-[C](-[H])(-[H])-[C](-[H])(-[H])-[O]-[H],[H]-[C](-[H])(-[N]=[C]=[O])-[C](-[H])(-[H])-[C](-[H])(-[H])-[C](-[H])(-[H])-[C](-[H])(-[H])-[C](-[H])(-[H])-[N]=[C]=[O],[H]-[O]-[C](-[H])(-[H])-[C](-[H])(-[H])-[O]-[C](-[H])(-[H])-[C](-[H])(-[H])-[O]-[C](-[H])(-[H])-[C](-[H])(-[H])-[O]-[C](-[H])(-[H])-[C](-[H])(-[H])-[O]-[H],"1,6-diisocyanatohexane",2-[2-[2-(2-hydroxyethoxy)ethoxy]ethoxy]ethanol,O=C=NCCCCCCN=C=O.OCCOCCOCCOCCO,False,False,False
77,urethane,polyurethane_isocyanate,[H]-[C](-[H])(-[H])-[C]1(-[C](-[H])(-[H])-[H])-[C](-[H])(-[H])-[C](-[H])(-[N]=[C]=[O])-[C](-[H])(-[H])-[C](-[C](-[H])(-[H])-[H])(-[C](-[H])(-[H])-[N]=[C]=[O])-[C]-1(-[H])-[H].[H]-[O]-[C](-[H])(-[H])-[C](-[H])(-[H])-[O]-[H],[H]-[C](-[H])(-[H])-[C]1(-[C](-[H])(-[H])-[H])-[C](-[H])(-[H])-[C](-[H])(-[N]=[C]=[O])-[C](-[H])(-[H])-[C](-[C](-[H])(-[H])-[H])(-[C](-[H])(-[H])-[N]=[C]=[O])-[C]-1(-[H])-[H],[H]-[O]-[C](-[H])(-[H])-[C](-[H])(-[H])-[O]-[H],"5-isocyanato-1-(isocyanatomethyl)-1,3,3-trimethylcyclohexane","ethane-1,2-diol",OCCO.CC1(C)CC(N=C=O)CC(C)(CN=C=O)C1,False,False,False
79,urethane,polyurethane_isocyanate,[H]-[C]1=[C](-[N]=[C]=[O])-[C](-[H])=[C](-[H])-[C](-[C](-[H])(-[H])-[C]2=[C](-[H])-[C](-[H])=[C](-[N]=[C]=[O])-[C](-[H])=[C]-2-[H])=[C]-1-[H].[H]-[O]-[C](-[H])(-[H])-[C](-[H])(-[H])-[N](-[C]1=[C](-[H])-[C](-[H])=[C](-[N]=[N]-[C]2=[C](-[H])-[C](-[H])=[C](-[N+](=[O])-[O-])-[C](-[H])=[C]-2-[H])-[C](-[H])=[C]-1-[H])-[C](-[H])(-[H])-[C](-[H])(-[H])-[O]-[H],[H]-[C]1=[C](-[N]=[C]=[O])-[C](-[H])=[C](-[H])-[C](-[C](-[H])(-[H])-[C]2=[C](-[H])-[C](-[H])=[C](-[N]=[C]=[O])-[C](-[H])=[C]-2-[H])=[C]-1-[H],[H]-[O]-[C](-[H])(-[H])-[C](-[H])(-[H])-[N](-[C]1=[C](-[H])-[C](-[H])=[C](-[N]=[N]-[C]2=[C](-[H])-[C](-[H])=[C](-[N+](=[O])-[O-])-[C](-[H])=[C]-2-[H])-[C](-[H])=[C]-1-[H])-[C](-[H])(-[H])-[C](-[H])(-[H])-[O]-[H],1-isocyanato-4-[(4-isocyanatophenyl)methyl]benzene,2-[N-(2-hydroxyethyl)-4-[(4-nitrophenyl)diazenyl]anilino]ethanol,O=C=Nc1ccc(Cc2ccc(N=C=O)cc2)cc1.O=[N+]([O-])c1ccc(N=Nc2ccc(N(CCO)CCO)cc2)cc1,False,False,False
80,urethane,polyurethane_isocyanate,[H]-[C]1=[C](-[N]=[C]=[O])-[C](-[H])=[C](-[H])-[C](-[C](-[H])(-[H])-[C]2=[C](-[H])-[C](-[H])=[C](-[N]=[C]=[O])-[C](-[H])=[C]-2-[H])=[C]-1-[H].[H]-[O]-[C](-[H])(-[H])-[C](-[H])(-[H])-[C](-[H])(-[H])-[C](-[H])(-[H])-[O]-[H],[H]-[C]1=[C](-[N]=[C]=[O])-[C](-[H])=[C](-[H])-[C](-[C](-[H])(-[H])-[C]2=[C](-[H])-[C](-[H])=[C](-[N]=[C]=[O])-[C](-[H])=[C]-2-[H])=[C]-1-[H],[H]-[O]-[C](-[H])(-[H])-[C](-[H])(-[H])-[C](-[H])(-[H])-[C](-[H])(-[H])-[O]-[H],1-isocyanato-4-[(4-isocyanatophenyl)methyl]benzene,"butane-1,4-diol",OCCCCO.O=C=Nc1ccc(Cc2ccc(N=C=O)cc2)cc1,False,False,False
83,urethane,polyurethane_isocyanate,[H]-[C](-[H])(-[H])-[C]1(-[C](-[H])(-[H])-[H])-[C](-[H])(-[H])-[C](-[H])(-[N]=[C]=[O])-[C](-[H])(-[H])-[C](-[C](-[H])(-[H])-[H])(-[C](-[H])(-[H])-[N]=[C]=[O])-[C]-1(-[H])-[H].[H]-[O]-[C](-[H])(-[H])-[C](-[H])(-[H])-[C](-[H])(-[H])-[O]-[H],[H]-[C](-[H])(-[H])-[C]1(-[C](-[H])(-[H])-[H])-[C](-[H])(-[H])-[C](-[H])(-[N]=[C]=[O])-[C](-[H])(-[H])-[C](-[C](-[H])(-[H])-[H])(-[C](-[H])(-[H])-[N]=[C]=[O])-[C]-1(-[H])-[H],[H]-[O]-[C](-[H])(-[H])-[C](-[H])(-[H])-[C](-[H])(-[H])-[O]-[H],"5-isocyanato-1-(isocyanatomethyl)-1,3,3-trimethylcyclohexane","propane-1,3-diol",OCCCO.CC1(C)CC(N=C=O)CC(C)(CN=C=O)C1,False,False,False
84,urethane,polyurethane_isocyanate,[H]-[C](-[H])(-[N]=[C]=[O])-[C](-[H])(-[H])-[C](-[H])(-[H])-[C](-[H])(-[H])-[C](-[H])(-[H])-[C](-[H])(-[H])-[N]=[C]=[O].[H]-[O]-[C](-[H])(-[H])-[C](-[H])(-[H])-[C](-[H])(-[H])-[O]-[H],[H]-[C](-[H])(-[N]=[C]=[O])-[C](-[H])(-[H])-[C](-[H])(-[H])-[C](-[H])(-[H])-[C](-[H])(-[H])-[C](-[H])(-[H])-[N]=[C]=[O],[H]-[O]-[C](-[H])(-[H])-[C](-[H])(-[H])-[C](-[H])(-[H])-[O]-[H],"1,6-diisocyanatohexane","propane-1,3-diol",OCCCO.O=C=NCCCCCCN=C=O,False,False,False
85,urethane,polyurethane_isocyanate,[H]-[C](-[H])(-[N]=[C]=[O])-[C](-[H])(-[H])-[C](-[H])(-[H])-[C](-[H])(-[H])-[C](-[H])(-[H])-[C](-[H])(-[H])-[C](-[H])(-[H])-[C](-[H])(-[H])-[C](-[H])(-[H])-[C](-[H])(-[H])-[N]=[C]=[O].[H]-[O]-[C](-[H])(-[H])-[C](-[H])(-[H])-[C](-[H])(-[H])-[C](-[H])(-[H])-[C](-[H])(-[H])-[C](-[H])(-[H])-[C](-[H])(-[H])-[C](-[H])(-[H])-[C](-[H])(-[H])-[C](-[H])(-[H])-[O]-[H],[H]-[C](-[H])(-[N]=[C]=[O])-[C](-[H])(-[H])-[C](-[H])(-[H])-[C](-[H])(-[H])-[C](-[H])(-[H])-[C](-[H])(-[H])-[C](-[H])(-[H])-[C](-[H])(-[H])-[C](-[H])(-[H])-[C](-[H])(-[H])-[N]=[C]=[O],[H]-[O]-[C](-[H])(-[H])-[C](-[H])(-[H])-[C](-[H])(-[H])-[C](-[H])(-[H])-[C](-[H])(-[H])-[C](-[H])(-[H])-[C](-[H])(-[H])-[C](-[H])(-[H])-[C](-[H])(-[H])-[C](-[H])(-[H])-[O]-[H],"1,10-diisocyanatodecane","decane-1,10-diol",OCCCCCCCCCCO.O=C=NCCCCCCCCCCN=C=O,False,False,False
86,urethane,polyurethane_isocyanate,[H]-[C]1=[C](-[N]=[C]=[O])-[C](-[H])=[C](-[H])-[C](-[C](-[H])(-[H])-[C]2=[C](-[H])-[C](-[H])=[C](-[N]=[C]=[O])-[C](-[H])=[C]-2-[H])=[C]-1-[H].[H]-[O]-[C](-[H])(-[H])-[C]1=[C](-[H])-[C](-[H])=[C](-[H])-[C](-[C](-[H])(-[H])-[O]-[H])=[N]-1,[H]-[C]1=[C](-[N]=[C]=[O])-[C](-[H])=[C](-[H])-[C](-[C](-[H])(-[H])-[C]2=[C](-[H])-[C](-[H])=[C](-[N]=[C]=[O])-[C](-[H])=[C]-2-[H])=[C]-1-[H],[H]-[O]-[C](-[H])(-[H])-[C]1=[C](-[H])-[C](-[H])=[C](-[H])-[C](-[C](-[H])(-[H])-[O]-[H])=[N]-1,1-isocyanato-4-[(4-isocyanatophenyl)methyl]benzene,[6-(hydroxymethyl)pyridin-2-yl]methanol,OCc1cccc(CO)n1.O=C=Nc1ccc(Cc2ccc(N=C=O)cc2)cc1,False,False,False
87,urethane,polyurethane_isocyanate,[H]-[C](-[H])(-[N]=[C]=[O])-[C]1(-[H])-[C](-[H])(-[H])-[C](-[H])(-[H])-[C](-[H])(-[H])-[C](-[H])(-[C](-[H])(-[H])-[N]=[C]=[O])-[C]-1(-[H])-[H].[H]-[O]-[C](-[H])(-[H])-[C]1(-[H])-[C](-[H])(-[H])-[C]2(-[H])-[C]3(-[H])-[C](-[H])(-[H])-[C](-[H])(-[C](-[H])(-[H])-[O]-[H])-[C](-[H])(-[C]-3(-[H])-[H])-[C]-2(-[H])-[C]-1(-[H])-[H],[H]-[C](-[H])(-[N]=[C]=[O])-[C]1(-[H])-[C](-[H])(-[H])-[C](-[H])(-[H])-[C](-[H])(-[H])-[C](-[H])(-[C](-[H])(-[H])-[N]=[C]=[O])-[C]-1(-[H])-[H],[H]-[O]-[C](-[H])(-[H])-[C]1(-[H])-[C](-[H])(-[H])-[C]2(-[H])-[C]3(-[H])-[C](-[H])(-[H])-[C](-[H])(-[C](-[H])(-[H])-[O]-[H])-[C](-[H])(-[C]-3(-[H])-[H])-[C]-2(-[H])-[C]-1(-[H])-[H],"1,3-bis(isocyanatomethyl)cyclohexane","[8-(hydroxymethyl)-4-tricyclo[5.2.1.02,6]decanyl]methanol",O=C=NCC1CCCC(CN=C=O)C1.OCC1CC2C3CC(CO)C(C3)C2C1,False,False,False
88,urethane,polyurethane_isocyanate,[H]-[C](-[H])(-[N]=[C]=[O])-[C](-[H])(-[H])-[C](-[H])(-[H])-[C](-[H])(-[H])-[C](-[H])(-[H])-[C](-[H])(-[H])-[N]=[C]=[O].[H]-[O]-[C](-[H])(-[H])-[C]1(-[H])-[C](-[H])(-[H])-[C](-[H])(-[H])-[C](-[H])(-[C](-[H])(-[H])-[O]-[H])-[C](-[H])(-[H])-[C]-1(-[H])-[H],[H]-[C](-[H])(-[N]=[C]=[O])-[C](-[H])(-[H])-[C](-[H])(-[H])-[C](-[H])(-[H])-[C](-[H])(-[H])-[C](-[H])(-[H])-[N]=[C]=[O],[H]-[O]-[C](-[H])(-[H])-[C]1(-[H])-[C](-[H])(-[H])-[C](-[H])(-[H])-[C](-[H])(-[C](-[H])(-[H])-[O]-[H])-[C](-[H])(-[H])-[C]-1(-[H])-[H],"1,6-diisocyanatohexane",[4-(hydroxymethyl)cyclohexyl]methanol,OCC1CCC(CO)CC1.O=C=NCCCCCCN=C=O,False,False,False
90,urethane,polyurethane_isocyanate,[H]-[C]1(-[H])-[C](-[H])(-[H])-[C](-[H])(-[N]=[C]=[O])-[C](-[H])(-[H])-[C](-[H])(-[H])-[C]-1(-[H])-[N]=[C]=[O].[H]-[O]-[C](-[H])(-[H])-[C]1(-[H])-[C](-[H])(-[H])-[C](-[H])(-[H])-[C](-[H])(-[C](-[H])(-[H])-[O]-[H])-[C](-[H])(-[H])-[C]-1(-[H])-[H],[H]-[C]1(-[H])-[C](-[H])(-[H])-[C](-[H])(-[N]=[C]=[O])-[C](-[H])(-[H])-[C](-[H])(-[H])-[C]-1(-[H])-[N]=[C]=[O],[H]-[O]-[C](-[H])(-[H])-[C]1(-[H])-[C](-[H])(-[H])-[C](-[H])(-[H])-[C](-[H])(-[C](-[H])(-[H])-[O]-[H])-[C](-[H])(-[H])-[C]-1(-[H])-[H],"1,4-diisocyanatocyclohexane",[4-(hydroxymethyl)cyclohexyl]methanol,OCC1CCC(CO)CC1.O=C=NC1CCC(N=C=O)CC1,False,False,False
91,urethane,polyurethane_isocyanate,[H]-[C](-[H])(-[N]=[C]=[O])-[C]1(-[H])-[C](-[H])(-[H])-[C](-[H])(-[H])-[C](-[H])(-[H])-[C](-[H])(-[C](-[H])(-[H])-[N]=[C]=[O])-[C]-1(-[H])-[H].[H]-[O]-[C](-[H])(-[H])-[C](-[H])(-[H])-[C](-[H])(-[H])-[C](-[H])(-[H])-[O]-[H],[H]-[C](-[H])(-[N]=[C]=[O])-[C]1(-[H])-[C](-[H])(-[H])-[C](-[H])(-[H])-[C](-[H])(-[H])-[C](-[H])(-[C](-[H])(-[H])-[N]=[C]=[O])-[C]-1(-[H])-[H],[H]-[O]-[C](-[H])(-[H])-[C](-[H])(-[H])-[C](-[H])(-[H])-[C](-[H])(-[H])-[O]-[H],"1,3-bis(isocyanatomethyl)cyclohexane","butane-1,4-diol",OCCCCO.O=C=NCC1CCCC(CN=C=O)C1,False,False,False
92,urethane,polyurethane_isocyanate,[H]-[C](-[H])(-[N]=[C]=[O])-[C](-[H])(-[H])-[C](-[H])(-[H])-[C](-[H])(-[H])-[C](-[H])(-[H])-[C](-[H])(-[H])-[C](-[H])(-[H])-[C](-[H])(-[H])-[C](-[H])(-[H])-[C](-[H])(-[H])-[C](-[H])(-[H])-[C](-[H])(-[H])-[C](-[H])(-[H])-[C](-[H])(-[H])-[C](-[H])(-[H])-[C](-[H])(-[H])-[C](-[H])(-[H])-[C](-[H])(-[H])-[N]=[C]=[O].[H]-[O]-[C](-[H])(-[H])-[C](-[H])(-[H])-[C](-[H])(-[H])-[C](-[H])(-[H])-[C](-[H])(-[H])-[C](-[H])(-[H])-[C](-[H])(-[H])-[C](-[H])(-[H])-[C](-[H])(-[H])-[C](-[H])(-[H])-[C](-[H])(-[H])-[C](-[H])(-[H])-[C](-[H])(-[H])-[C](-[H])(-[H])-[C](-[H])(-[H])-[C](-[H])(-[H])-[C](-[H])(-[H])-[C](-[H])(-[H])-[C](-[H])(-[H])-[C](-[H])(-[H])-[O]-[H],[H]-[C](-[H])(-[N]=[C]=[O])-[C](-[H])(-[H])-[C](-[H])(-[H])-[C](-[H])(-[H])-[C](-[H])(-[H])-[C](-[H])(-[H])-[C](-[H])(-[H])-[C](-[H])(-[H])-[C](-[H])(-[H])-[C](-[H])(-[H])-[C](-[H])(-[H])-[C](-[H])(-[H])-[C](-[H])(-[H])-[C](-[H])(-[H])-[C](-[H])(-[H])-[C](-[H])(-[H])-[C](-[H])(-[H])-[C](-[H])(-[H])-[N]=[C]=[O],[H]-[O]-[C](-[H])(-[H])-[C](-[H])(-[H])-[C](-[H])(-[H])-[C](-[H])(-[H])-[C](-[H])(-[H])-[C](-[H])(-[H])-[C](-[H])(-[H])-[C](-[H])(-[H])-[C](-[H])(-[H])-[C](-[H])(-[H])-[C](-[H])(-[H])-[C](-[H])(-[H])-[C](-[H])(-[H])-[C](-[H])(-[H])-[C](-[H])(-[H])-[C](-[H])(-[H])-[C](-[H])(-[H])-[C](-[H])(-[H])-[C](-[H])(-[H])-[C](-[H])(-[H])-[O]-[H],"1,18-diisocyanatooctadecane","icosane-1,20-diol",OCCCCCCCCCCCCCCCCCCCCO.O=C=NCCCCCCCCCCCCCCCCCCN=C=O,False,False,False
93,urethane,polyurethane_isocyanate,[H]-[C]1=[C](-[H])-[C](-[H])=[C](-[C]2=[C](-[H])-[C](-[H])=[C](-[C]3=[C](-[H])-[C](-[C]4=[C](-[H])-[C](-[H])=[C](-[N]5-[C](=[O])-[C]6=[C](-[H])-[C](-[H])=[C](-[N]=[C]=[O])-[C](-[H])=[C]-6-[C]-5=[O])-[C](-[H])=[C]-4-[H])=[N]-[C](-[C]4=[C](-[H])-[C](-[H])=[C](-[N]5-[C](=[O])-[C]6=[C](-[H])-[C](-[H])=[C](-[N]=[C]=[O])-[C](-[H])=[C]-6-[C]-5=[O])-[C](-[H])=[C]-4-[H])=[C]-3-[H])-[C](-[H])=[C]-2-[H])-[C](-[H])=[C]-1-[H].[H]-[O]-[C]1=[C](-[H])-[C](-[H])=[C](-[H])-[C](-[O]-[H])=[C]-1-[H],[H]-[C]1=[C](-[H])-[C](-[H])=[C](-[C]2=[C](-[H])-[C](-[H])=[C](-[C]3=[C](-[H])-[C](-[C]4=[C](-[H])-[C](-[H])=[C](-[N]5-[C](=[O])-[C]6=[C](-[H])-[C](-[H])=[C](-[N]=[C]=[O])-[C](-[H])=[C]-6-[C]-5=[O])-[C](-[H])=[C]-4-[H])=[N]-[C](-[C]4=[C](-[H])-[C](-[H])=[C](-[N]5-[C](=[O])-[C]6=[C](-[H])-[C](-[H])=[C](-[N]=[C]=[O])-[C](-[H])=[C]-6-[C]-5=[O])-[C](-[H])=[C]-4-[H])=[C]-3-[H])-[C](-[H])=[C]-2-[H])-[C](-[H])=[C]-1-[H],[H]-[O]-[C]1=[C](-[H])-[C](-[H])=[C](-[H])-[C](-[O]-[H])=[C]-1-[H],"5-isocyanato-2-[4-[6-[4-(5-isocyanato-1,3-dioxoisoindol-2-yl)phenyl]-4-(4-phenylphenyl)pyridin-2-yl]phenyl]isoindole-1,3-dione","benzene-1,3-diol",Oc1cccc(O)c1.O=C=Nc1ccc2c(c1)C(=O)N(c1ccc(-c3cc(-c4ccc(-c5ccccc5)cc4)cc(-c4ccc(N5C(=O)c6ccc(N=C=O)cc6C5=O)cc4)n3)cc1)C2=O,False,False,False
94,urethane,polyurethane_isocyanate,[H]-[C](-[H])(-[H])-[C]1(-[C](-[H])(-[H])-[H])-[C](-[H])(-[H])-[C](-[H])(-[N]=[C]=[O])-[C](-[H])(-[H])-[C](-[C](-[H])(-[H])-[H])(-[C](-[H])(-[H])-[N]=[C]=[O])-[C]-1(-[H])-[H].[H]-[O]-[C](-[H])(-[H])-[C]1(-[H])-[C](-[H])(-[H])-[C]2(-[H])-[C]3(-[H])-[C](-[H])(-[H])-[C](-[H])(-[C](-[H])(-[H])-[O]-[H])-[C](-[H])(-[C]-3(-[H])-[H])-[C]-2(-[H])-[C]-1(-[H])-[H],[H]-[C](-[H])(-[H])-[C]1(-[C](-[H])(-[H])-[H])-[C](-[H])(-[H])-[C](-[H])(-[N]=[C]=[O])-[C](-[H])(-[H])-[C](-[C](-[H])(-[H])-[H])(-[C](-[H])(-[H])-[N]=[C]=[O])-[C]-1(-[H])-[H],[H]-[O]-[C](-[H])(-[H])-[C]1(-[H])-[C](-[H])(-[H])-[C]2(-[H])-[C]3(-[H])-[C](-[H])(-[H])-[C](-[H])(-[C](-[H])(-[H])-[O]-[H])-[C](-[H])(-[C]-3(-[H])-[H])-[C]-2(-[H])-[C]-1(-[H])-[H],"5-isocyanato-1-(isocyanatomethyl)-1,3,3-trimethylcyclohexane","[8-(hydroxymethyl)-4-tricyclo[5.2.1.02,6]decanyl]methanol",OCC1CC2C3CC(CO)C(C3)C2C1.CC1(C)CC(N=C=O)CC(C)(CN=C=O)C1,False,False,False
95,urethane,polyurethane_isocyanate,[H]-[C]1=[C](-[N]=[C]=[O])-[C](-[H])=[C](-[H])-[C](-[C](-[H])(-[H])-[C]2=[C](-[H])-[C](-[H])=[C](-[N]=[C]=[O])-[C](-[H])=[C]-2-[H])=[C]-1-[H].[H]-[O]-[C]1=[C](-[H])-[C](-[H])=[C](-[N]=[C](-[H])-[C]2=[C](-[H])-[C](-[H])=[C](-[C](-[H])=[N]-[C]3=[C](-[H])-[C](-[H])=[C](-[O]-[H])-[C](-[H])=[C]-3-[H])-[C](-[H])=[C]-2-[H])-[C](-[H])=[C]-1-[H],[H]-[C]1=[C](-[N]=[C]=[O])-[C](-[H])=[C](-[H])-[C](-[C](-[H])(-[H])-[C]2=[C](-[H])-[C](-[H])=[C](-[N]=[C]=[O])-[C](-[H])=[C]-2-[H])=[C]-1-[H],[H]-[O]-[C]1=[C](-[H])-[C](-[H])=[C](-[N]=[C](-[H])-[C]2=[C](-[H])-[C](-[H])=[C](-[C](-[H])=[N]-[C]3=[C](-[H])-[C](-[H])=[C](-[O]-[H])-[C](-[H])=[C]-3-[H])-[C](-[H])=[C]-2-[H])-[C](-[H])=[C]-1-[H],1-isocyanato-4-[(4-isocyanatophenyl)methyl]benzene,4-[[4-[(4-hydroxyphenyl)iminomethyl]phenyl]methylideneamino]phenol,O=C=Nc1ccc(Cc2ccc(N=C=O)cc2)cc1.Oc1ccc(N=Cc2ccc(C=Nc3ccc(O)cc3)cc2)cc1,False,False,False
97,urethane,polyurethane_isocyanate,[H]-[C](-[H])(-[N]=[C]=[O])-[C](-[H])(-[H])-[C](-[H])(-[H])-[C](-[H])(-[H])-[C](-[H])(-[H])-[C](-[H])(-[H])-[N]=[C]=[O].[H]-[O]-[C](-[H])(-[H])-[C](-[H])(-[H])-[O]-[C](-[H])(-[H])-[C](-[H])(-[H])-[O]-[H],[H]-[C](-[H])(-[N]=[C]=[O])-[C](-[H])(-[H])-[C](-[H])(-[H])-[C](-[H])(-[H])-[C](-[H])(-[H])-[C](-[H])(-[H])-[N]=[C]=[O],[H]-[O]-[C](-[H])(-[H])-[C](-[H])(-[H])-[O]-[C](-[H])(-[H])-[C](-[H])(-[H])-[O]-[H],"1,6-diisocyanatohexane",2-(2-hydroxyethoxy)ethanol,OCCOCCO.O=C=NCCCCCCN=C=O,False,False,False
98,urethane,polyurethane_isocyanate,[H]-[C]1=[C](-[N]=[C]=[O])-[C](-[H])=[C](-[N]=[C]=[O])-[C](-[C](-[H])(-[H])-[H])=[C]-1-[H].[H]-[O]-[C](-[H])(-[H])-[C](-[H])(-[H])-[C](-[H])(-[H])-[C](-[H])(-[H])-[C](-[H])(-[H])-[C](-[H])(-[H])-[O]-[C]1=[C](-[H])-[C](-[H])=[C](-[C]2=[C](-[H])-[C](-[H])=[C](-[O]-[C](-[H])(-[H])-[C](-[H])(-[H])-[C](-[H])(-[H])-[C](-[H])(-[H])-[C](-[H])(-[H])-[C](-[H])(-[H])-[O]-[H])-[C](-[H])=[C]-2-[H])-[C](-[H])=[C]-1-[H],[H]-[C]1=[C](-[N]=[C]=[O])-[C](-[H])=[C](-[N]=[C]=[O])-[C](-[C](-[H])(-[H])-[H])=[C]-1-[H],[H]-[O]-[C](-[H])(-[H])-[C](-[H])(-[H])-[C](-[H])(-[H])-[C](-[H])(-[H])-[C](-[H])(-[H])-[C](-[H])(-[H])-[O]-[C]1=[C](-[H])-[C](-[H])=[C](-[C]2=[C](-[H])-[C](-[H])=[C](-[O]-[C](-[H])(-[H])-[C](-[H])(-[H])-[C](-[H])(-[H])-[C](-[H])(-[H])-[C](-[H])(-[H])-[C](-[H])(-[H])-[O]-[H])-[C](-[H])=[C]-2-[H])-[C](-[H])=[C]-1-[H],"2,4-diisocyanato-1-methylbenzene",6-[4-[4-(6-hydroxyhexoxy)phenyl]phenoxy]hexan-1-ol,Cc1ccc(N=C=O)cc1N=C=O.OCCCCCCOc1ccc(-c2ccc(OCCCCCCO)cc2)cc1,False,False,False
101,urethane,polyurethane_isocyanate,[H]-[C](=[C](-[H])-[C](-[H])(-[H])-[C](-[H])(-[N]=[C]=[O])-[C](-[H])(-[H])-[C](-[H])(-[H])-[C](-[H])(-[H])-[C](-[H])(-[H])-[C](-[H])(-[H])-[C](-[H])(-[H])-[H])-[C](-[H])(-[H])-[C](-[H])(-[H])-[C](-[H])(-[H])-[C](-[H])(-[H])-[C](-[H])(-[H])-[C](-[H])(-[H])-[C](-[H])(-[H])-[C](-[H])(-[H])-[N]=[C]=[O].[H]-[O]-[C](-[H])(-[H])-[C](-[H])(-[H])-[C](-[H])(-[H])-[C](-[H])(-[H])-[C](-[H])(-[H])-[C](-[H])(-[H])-[C](-[H])(-[H])-[C](-[H])(-[H])-[C](-[H])(-[H])-[C](-[H])(-[H])-[O]-[H],[H]-[C](=[C](-[H])-[C](-[H])(-[H])-[C](-[H])(-[N]=[C]=[O])-[C](-[H])(-[H])-[C](-[H])(-[H])-[C](-[H])(-[H])-[C](-[H])(-[H])-[C](-[H])(-[H])-[C](-[H])(-[H])-[H])-[C](-[H])(-[H])-[C](-[H])(-[H])-[C](-[H])(-[H])-[C](-[H])(-[H])-[C](-[H])(-[H])-[C](-[H])(-[H])-[C](-[H])(-[H])-[C](-[H])(-[H])-[N]=[C]=[O],[H]-[O]-[C](-[H])(-[H])-[C](-[H])(-[H])-[C](-[H])(-[H])-[C](-[H])(-[H])-[C](-[H])(-[H])-[C](-[H])(-[H])-[C](-[H])(-[H])-[C](-[H])(-[H])-[C](-[H])(-[H])-[C](-[H])(-[H])-[O]-[H],"1,12-diisocyanatooctadec-9-ene","decane-1,10-diol",OCCCCCCCCCCO.CCCCCCC(CC=CCCCCCCCCN=C=O)N=C=O,False,False,False
102,urethane,polyurethane_isocyanate,[H]-[C](-[H])(-[N]=[C]=[O])-[C](-[H])(-[H])-[C](-[H])(-[H])-[C](-[H])(-[H])-[C](-[H])(-[H])-[C](-[H])(-[H])-[N]=[C]=[O].[H]-[O]-[C](-[H])(-[H])-[C](-[H])(-[H])-[C](-[H])(-[H])-[C](-[H])(-[H])-[C](-[H])(-[H])-[C](-[H])(-[H])-[C](-[H])(-[H])-[C](-[H])(-[H])-[C](-[H])(-[H])-[C](-[H])(-[H])-[O]-[H],[H]-[C](-[H])(-[N]=[C]=[O])-[C](-[H])(-[H])-[C](-[H])(-[H])-[C](-[H])(-[H])-[C](-[H])(-[H])-[C](-[H])(-[H])-[N]=[C]=[O],[H]-[O]-[C](-[H])(-[H])-[C](-[H])(-[H])-[C](-[H])(-[H])-[C](-[H])(-[H])-[C](-[H])(-[H])-[C](-[H])(-[H])-[C](-[H])(-[H])-[C](-[H])(-[H])-[C](-[H])(-[H])-[C](-[H])(-[H])-[O]-[H],"1,6-diisocyanatohexane","decane-1,10-diol",O=C=NCCCCCCN=C=O.OCCCCCCCCCCO,False,False,False
103,urethane,polyurethane_isocyanate,[H]-[C]1=[C](-[N]=[C]=[O])-[C](-[H])=[C](-[N]=[C]=[O])-[C](-[C](-[H])(-[H])-[H])=[C]-1-[H].[H]-[O]-[C](-[H])(-[H])-[C](-[H])(-[H])-[N](-[C](-[H])(-[H])-[C](-[H])(-[H])-[O]-[H])-[C](-[H])(-[H])-[C](-[H])(-[H])-[O]-[H],[H]-[C]1=[C](-[N]=[C]=[O])-[C](-[H])=[C](-[N]=[C]=[O])-[C](-[C](-[H])(-[H])-[H])=[C]-1-[H],[H]-[O]-[C](-[H])(-[H])-[C](-[H])(-[H])-[N](-[C](-[H])(-[H])-[C](-[H])(-[H])-[O]-[H])-[C](-[H])(-[H])-[C](-[H])(-[H])-[O]-[H],"2,4-diisocyanato-1-methylbenzene",2-[bis(2-hydroxyethyl)amino]ethanol,OCCN(CCO)CCO.Cc1ccc(N=C=O)cc1N=C=O,False,False,False
104,urethane,polyurethane_isocyanate,[H]-[C](-[H])(-[N]=[C]=[O])-[C](-[H])(-[H])-[C](-[H])(-[H])-[C](-[H])(-[H])-[C](-[H])(-[H])-[C](-[H])(-[H])-[C](-[H])(-[H])-[C](-[H])(-[H])-[N]=[C]=[O].[H]-[O]-[C](-[H])(-[H])-[C](-[H])(-[H])-[C](-[H])(-[H])-[C](-[H])(-[H])-[C](-[H])(-[H])-[C](-[H])(-[H])-[C](-[H])(-[H])-[C](-[H])(-[H])-[C](-[H])(-[H])-[C](-[H])(-[H])-[O]-[H],[H]-[C](-[H])(-[N]=[C]=[O])-[C](-[H])(-[H])-[C](-[H])(-[H])-[C](-[H])(-[H])-[C](-[H])(-[H])-[C](-[H])(-[H])-[C](-[H])(-[H])-[C](-[H])(-[H])-[N]=[C]=[O],[H]-[O]-[C](-[H])(-[H])-[C](-[H])(-[H])-[C](-[H])(-[H])-[C](-[H])(-[H])-[C](-[H])(-[H])-[C](-[H])(-[H])-[C](-[H])(-[H])-[C](-[H])(-[H])-[C](-[H])(-[H])-[C](-[H])(-[H])-[O]-[H],"1,8-diisocyanatooctane","decane-1,10-diol",OCCCCCCCCCCO.O=C=NCCCCCCCCN=C=O,False,False,False
105,urethane,polyurethane_isocyanate,[H]-[C](-[H])(-[H])-[C]1(-[C](-[H])(-[H])-[H])-[C](-[H])(-[H])-[C](-[H])(-[N]=[C]=[O])-[C](-[H])(-[H])-[C](-[C](-[H])(-[H])-[H])(-[C](-[H])(-[H])-[N]=[C]=[O])-[C]-1(-[H])-[H].[H]-[O]-[C](-[H])(-[H])-[C](-[H])(-[H])-[C](-[H])(-[H])-[C](-[H])(-[H])-[C](-[H])(-[H])-[C](-[H])(-[H])-[O]-[H],[H]-[C](-[H])(-[H])-[C]1(-[C](-[H])(-[H])-[H])-[C](-[H])(-[H])-[C](-[H])(-[N]=[C]=[O])-[C](-[H])(-[H])-[C](-[C](-[H])(-[H])-[H])(-[C](-[H])(-[H])-[N]=[C]=[O])-[C]-1(-[H])-[H],[H]-[O]-[C](-[H])(-[H])-[C](-[H])(-[H])-[C](-[H])(-[H])-[C](-[H])(-[H])-[C](-[H])(-[H])-[C](-[H])(-[H])-[O]-[H],"5-isocyanato-1-(isocyanatomethyl)-1,3,3-trimethylcyclohexane","hexane-1,6-diol",OCCCCCCO.CC1(C)CC(N=C=O)CC(C)(CN=C=O)C1,False,False,False
106,urethane,polyurethane_isocyanate,[H]-[C]1(-[H])-[C](-[H])(-[H])-[C](-[H])(-[N]=[C]=[O])-[C](-[H])(-[H])-[C](-[H])(-[H])-[C]-1(-[H])-[N]=[C]=[O].[H]-[O]-[C](-[H])(-[H])-[C](-[H])(-[H])-[C](-[H])(-[H])-[C](-[H])(-[H])-[C](-[H])(-[H])-[C](-[H])(-[H])-[O]-[H],[H]-[C]1(-[H])-[C](-[H])(-[H])-[C](-[H])(-[N]=[C]=[O])-[C](-[H])(-[H])-[C](-[H])(-[H])-[C]-1(-[H])-[N]=[C]=[O],[H]-[O]-[C](-[H])(-[H])-[C](-[H])(-[H])-[C](-[H])(-[H])-[C](-[H])(-[H])-[C](-[H])(-[H])-[C](-[H])(-[H])-[O]-[H],"1,4-diisocyanatocyclohexane","hexane-1,6-diol",OCCCCCCO.O=C=NC1CCC(N=C=O)CC1,False,False,False
107,urethane,polyurethane_isocyanate,[H]-[C](-[H])(-[N]=[C]=[O])-[C](-[H])(-[H])-[C](-[H])(-[H])-[C](-[H])(-[H])-[C](-[H])(-[H])-[C](-[H])(-[H])-[N]=[C]=[O].[H]-[O]-[C]1(-[H])-[C](-[H])(-[H])-[C](-[H])(-[H])-[C](-[H])(-[O]-[H])-[C](-[H])(-[H])-[C]-1(-[H])-[H],[H]-[C](-[H])(-[N]=[C]=[O])-[C](-[H])(-[H])-[C](-[H])(-[H])-[C](-[H])(-[H])-[C](-[H])(-[H])-[C](-[H])(-[H])-[N]=[C]=[O],[H]-[O]-[C]1(-[H])-[C](-[H])(-[H])-[C](-[H])(-[H])-[C](-[H])(-[O]-[H])-[C](-[H])(-[H])-[C]-1(-[H])-[H],"1,6-diisocyanatohexane","cyclohexane-1,4-diol",OC1CCC(O)CC1.O=C=NCCCCCCN=C=O,False,False,False
108,urethane,polyurethane_isocyanate,[H]-[C](-[H])(-[N]=[C]=[O])-[C](-[H])(-[H])-[C](-[H])(-[H])-[C](-[H])(-[H])-[N]=[C]=[O].[H]-[O]-[C](-[H])(-[H])-[C](-[C](-[H])(-[H])-[H])(-[C](-[H])(-[H])-[O]-[H])-[C](-[H])(-[H])-[N](-[C](-[H])(-[H])-[H])-[C](-[H])(-[H])-[H],[H]-[C](-[H])(-[N]=[C]=[O])-[C](-[H])(-[H])-[C](-[H])(-[H])-[C](-[H])(-[H])-[N]=[C]=[O],[H]-[O]-[C](-[H])(-[H])-[C](-[C](-[H])(-[H])-[H])(-[C](-[H])(-[H])-[O]-[H])-[C](-[H])(-[H])-[N](-[C](-[H])(-[H])-[H])-[C](-[H])(-[H])-[H],"1,4-diisocyanatobutane","2-[(dimethylamino)methyl]-2-methylpropane-1,3-diol",O=C=NCCCCN=C=O.CN(C)CC(C)(CO)CO,False,False,False
110,urethane,polyurethane_isocyanate,[H]-[C](-[H])(-[N]=[C]=[O])-[C](-[H])(-[H])-[C](-[H])(-[H])-[C](-[H])(-[H])-[C](-[H])(-[H])-[C](-[H])(-[H])-[N]=[C]=[O].[H]-[O]-[C](-[H])(-[H])-[C](-[H])(-[H])-[C](-[H])(-[H])-[C](-[H])(-[H])-[C](-[H])(-[H])-[C](-[H])(-[H])-[O]-[H],[H]-[C](-[H])(-[N]=[C]=[O])-[C](-[H])(-[H])-[C](-[H])(-[H])-[C](-[H])(-[H])-[C](-[H])(-[H])-[C](-[H])(-[H])-[N]=[C]=[O],[H]-[O]-[C](-[H])(-[H])-[C](-[H])(-[H])-[C](-[H])(-[H])-[C](-[H])(-[H])-[C](-[H])(-[H])-[C](-[H])(-[H])-[O]-[H],"1,6-diisocyanatohexane","hexane-1,6-diol",OCCCCCCO.O=C=NCCCCCCN=C=O,False,False,False
111,urethane,polyurethane_isocyanate,[H]-[C]1=[C](-[N]=[C]=[O])-[C](-[H])=[C](-[H])-[C](-[C](-[H])(-[H])-[C]2=[C](-[H])-[C](-[H])=[C](-[N]=[C]=[O])-[C](-[H])=[C]-2-[H])=[C]-1-[H].[H]-[O]-[C](-[H])(-[H])-[C](-[H])(-[H])-[O]-[H],[H]-[C]1=[C](-[N]=[C]=[O])-[C](-[H])=[C](-[H])-[C](-[C](-[H])(-[H])-[C]2=[C](-[H])-[C](-[H])=[C](-[N]=[C]=[O])-[C](-[H])=[C]-2-[H])=[C]-1-[H],[H]-[O]-[C](-[H])(-[H])-[C](-[H])(-[H])-[O]-[H],1-isocyanato-4-[(4-isocyanatophenyl)methyl]benzene,"ethane-1,2-diol",OCCO.O=C=Nc1ccc(Cc2ccc(N=C=O)cc2)cc1,False,False,False
112,urethane,polyurethane_isocyanate,[H]-[C](-[H])(-[N]=[C]=[O])-[C](-[H])(-[H])-[C](-[H])(-[H])-[C](-[H])(-[H])-[C](-[H])(-[H])-[C](-[H])(-[H])-[N]=[C]=[O].[H]-[O]-[C](-[H])(-[H])-[C](-[H])(-[H])-[C](-[H])(-[H])-[C](-[H])(-[H])-[O]-[H],[H]-[C](-[H])(-[N]=[C]=[O])-[C](-[H])(-[H])-[C](-[H])(-[H])-[C](-[H])(-[H])-[C](-[H])(-[H])-[C](-[H])(-[H])-[N]=[C]=[O],[H]-[O]-[C](-[H])(-[H])-[C](-[H])(-[H])-[C](-[H])(-[H])-[C](-[H])(-[H])-[O]-[H],"1,6-diisocyanatohexane","butane-1,4-diol",OCCCCO.O=C=NCCCCCCN=C=O,False,False,False
113,urethane,polyurethane_isocyanate,[H]-[C](-[H])(-[N]=[C]=[O])-[C](-[H])(-[H])-[C](-[H])(-[H])-[C](-[H])(-[H])-[C](-[H])(-[H])-[C](-[H])(-[H])-[N]=[C]=[O].[H]-[O]-[C](-[H])(-[H])-[C](-[H])(-[H])-[O]-[H],[H]-[C](-[H])(-[N]=[C]=[O])-[C](-[H])(-[H])-[C](-[H])(-[H])-[C](-[H])(-[H])-[C](-[H])(-[H])-[C](-[H])(-[H])-[N]=[C]=[O],[H]-[O]-[C](-[H])(-[H])-[C](-[H])(-[H])-[O]-[H],"1,6-diisocyanatohexane","ethane-1,2-diol",OCCO.O=C=NCCCCCCN=C=O,False,False,False
114,urethane,polyurethane_isocyanate,[H]-[C](-[H])(-[H])-[C]1(-[C](-[H])(-[H])-[H])-[C](-[H])(-[H])-[C](-[H])(-[N]=[C]=[O])-[C](-[H])(-[H])-[C](-[C](-[H])(-[H])-[H])(-[C](-[H])(-[H])-[N]=[C]=[O])-[C]-1(-[H])-[H].[H]-[O]-[C](-[H])(-[H])-[C]1(-[H])-[C](-[H])(-[H])-[C](-[H])(-[H])-[C](-[H])(-[C](-[H])(-[H])-[O]-[H])-[C](-[H])(-[H])-[C]-1(-[H])-[H],[H]-[C](-[H])(-[H])-[C]1(-[C](-[H])(-[H])-[H])-[C](-[H])(-[H])-[C](-[H])(-[N]=[C]=[O])-[C](-[H])(-[H])-[C](-[C](-[H])(-[H])-[H])(-[C](-[H])(-[H])-[N]=[C]=[O])-[C]-1(-[H])-[H],[H]-[O]-[C](-[H])(-[H])-[C]1(-[H])-[C](-[H])(-[H])-[C](-[H])(-[H])-[C](-[H])(-[C](-[H])(-[H])-[O]-[H])-[C](-[H])(-[H])-[C]-1(-[H])-[H],"5-isocyanato-1-(isocyanatomethyl)-1,3,3-trimethylcyclohexane",[4-(hydroxymethyl)cyclohexyl]methanol,OCC1CCC(CO)CC1.CC1(C)CC(N=C=O)CC(C)(CN=C=O)C1,False,False,False
