mechanism,polymer_name,reactant_smiles,canonical_smiles,iupac_names,rxn_smarts,mechanism_original,smiles_monomer
polyurethane_nonisocyanate,vl-PLN0bPA2tzuKT3JB7YQ,[H]-[C](-[H])(-[H])-[C](-[H])(-[H])-[C](-[H])(-[H])-[C](-[H])(-[H])-[C](-[H])(-[H])-[C](-[H])(-[H])-[C](-[H])(-[H])-[C]1(-[H])-[C](-[H])(-[C](-[H])(-[H])-[C](-[H])(-[H])-[C](-[H])(-[H])-[C](-[H])(-[H])-[C](-[H])(-[H])-[H])-[C](-[H])(-[H])-[C](-[H])(-[H])-[C](-[H])(-[C](-[H])(-[H])-[C](-[H])(-[H])-[C](-[H])(-[H])-[C](-[H])(-[H])-[C](-[H])(-[H])-[C](-[H])(-[H])-[C](-[H])(-[H])-[C](-[H])(-[H])-[C](=[O])-[O]-[C](-[H])(-[H])-[C]2(-[H])-[O]-[C](=[O])-[O]-[C]-2(-[H])-[H])-[C]-1(-[H])-[C](-[H])(-[H])-[C](-[H])(-[H])-[C](-[H])(-[H])-[C](-[H])(-[H])-[C](-[H])(-[H])-[C](-[H])(-[H])-[C](-[H])(-[H])-[C](-[H])(-[H])-[C](=[O])-[O]-[C](-[H])(-[H])-[C]1(-[H])-[O]-[C](=[O])-[O]-[C]-1(-[H])-[H].[H]-[N](-[H])-[C](-[H])(-[H])-[C](-[H])(-[H])-[C](-[H])(-[H])-[C](-[H])(-[H])-[N](-[H])-[H],CCCCCCCC1C(CCCCC)CCC(CCCCCCCCC(=O)OCC2COC(=O)O2)C1CCCCCCCCC(=O)OCC1COC(=O)O1.NCCCCN,"[None, 'but-2-ynedinitrile']",[*:1]-[#6:2]1(-[#1:3])-[#8:4]-[#6:5](=[#8:6])-[#8:7]-[#6:8]-1(-[#1:9])-[#1:10].[#7:11](-[*:12])(-[#1:13])-[#1:14]>>[*:1]-[#6:2](-[#1:3])(-[#8:4]-[#1:13])-[#6:8](-[#8:7]-[#6:5](=[#8:6])-[#7:11](-[*:12])-[#1:14])(-[#1:9])-[#1:10],NIPU,NCCCCN.CCCCCCCC1C(CCCCC)CCC(CCCCCCCCC(=O)OCC2COC(=O)O2)C1CCCCCCCCC(=O)OCC1COC(=O)O1
polyurethane_nonisocyanate,sKEMIdfcMiFe18aNI2Z-ww,[H]-[C](-[H])(-[H])-[C](-[H])(-[H])-[C](-[H])(-[H])-[C](-[H])(-[H])-[C](-[H])(-[H])-[C](-[H])(-[H])-[C](-[H])(-[H])-[C]1(-[H])-[C](-[H])(-[C](-[H])(-[H])-[C](-[H])(-[H])-[C](-[H])(-[H])-[C](-[H])(-[H])-[C](-[H])(-[H])-[H])-[C](-[H])(-[H])-[C](-[H])(-[H])-[C](-[H])(-[C](-[H])(-[H])-[C](-[H])(-[H])-[C](-[H])(-[H])-[C](-[H])(-[H])-[C](-[H])(-[H])-[C](-[H])(-[H])-[C](-[H])(-[H])-[C](-[H])(-[H])-[C](=[O])-[O]-[C](-[H])(-[H])-[C]2(-[H])-[O]-[C](=[O])-[O]-[C]-2(-[H])-[H])-[C]-1(-[H])-[C](-[H])(-[H])-[C](-[H])(-[H])-[C](-[H])(-[H])-[C](-[H])(-[H])-[C](-[H])(-[H])-[C](-[H])(-[H])-[C](-[H])(-[H])-[C](-[H])(-[H])-[C](=[O])-[O]-[C](-[H])(-[H])-[C]1(-[H])-[O]-[C](=[O])-[O]-[C]-1(-[H])-[H].[H]-[N](-[H])-[C](-[H])(-[H])-[C](-[H])(-[H])-[C](-[H])(-[H])-[N](-[H])-[C](-[H])(-[H])-[C](-[H])(-[H])-[C](-[H])(-[H])-[N](-[H])-[H],CCCCCCCC1C(CCCCC)CCC(CCCCCCCCC(=O)OCC2COC(=O)O2)C1CCCCCCCCC(=O)OCC1COC(=O)O1.NCCCNCCCN,"[None, 'N-(3-aminopropyl)propane-1,3-diamine']",[*:1]-[#6:2]1(-[#1:3])-[#8:4]-[#6:5](=[#8:6])-[#8:7]-[#6:8]-1(-[#1:9])-[#1:10].[#7:11](-[*:12])(-[#1:13])-[#1:14]>>[*:1]-[#6:2](-[#1:3])(-[#8:4]-[#1:13])-[#6:8](-[#8:7]-[#6:5](=[#8:6])-[#7:11](-[*:12])-[#1:14])(-[#1:9])-[#1:10],NIPU,NCCCNCCCN.CCCCCCCC1C(CCCCC)CCC(CCCCCCCCC(=O)OCC2COC(=O)O2)C1CCCCCCCCC(=O)OCC1COC(=O)O1
polyurethane_nonisocyanate,NIbNm49MnycXz0lh7f4HtQ,[H]-[C](-[H])(-[O]-[C](-[H])(-[H])-[C]1(-[H])-[O]-[C](=[O])-[O]-[C]-1(-[H])-[H])-[C](-[H])(-[H])-[C](-[H])(-[H])-[C](-[H])(-[H])-[C](-[H])(-[H])-[C](-[H])(-[H])-[O]-[C](-[H])(-[H])-[C]1(-[H])-[O]-[C](=[O])-[O]-[C]-1(-[H])-[H].[H]-[O]-[C](-[C](=[O])-[N](-[H])-[C](-[H])(-[H])-[C](-[H])(-[H])-[C](-[H])(-[H])-[C](-[H])(-[H])-[C](-[H])(-[H])-[C](-[H])(-[H])-[H])(-[C](-[H])(-[H])-[C](=[O])-[N](-[H])-[C](-[H])(-[H])-[C](-[H])(-[H])-[C](-[H])(-[H])-[C](-[H])(-[H])-[C](-[H])(-[H])-[C](-[H])(-[H])-[N](-[H])-[H])-[C](-[H])(-[H])-[C](=[O])-[N](-[H])-[C](-[H])(-[H])-[C](-[H])(-[H])-[C](-[H])(-[H])-[C](-[H])(-[H])-[C](-[H])(-[H])-[C](-[H])(-[H])-[N](-[H])-[H],CCCCCCNC(=O)C(O)(CC(=O)NCCCCCCN)CC(=O)NCCCCCCN.O=C1OCC(COCCCCCCOCC2COC(=O)O2)O1,"['4-[6-[(2-oxo-1,3-dioxolan-4-yl)methoxy]hexoxymethyl]-1,3-dioxolan-2-one', None]",[*:1]-[#6:2]1(-[#1:3])-[#8:4]-[#6:5](=[#8:6])-[#8:7]-[#6:8]-1(-[#1:9])-[#1:10].[#7:11](-[*:12])(-[#1:13])-[#1:14]>>[*:1]-[#6:2](-[#1:3])(-[#8:4]-[#1:13])-[#6:8](-[#8:7]-[#6:5](=[#8:6])-[#7:11](-[*:12])-[#1:14])(-[#1:9])-[#1:10],NIPU,O=C1OCC(COCCCCCCOCC2COC(=O)O2)O1.CCCCCCNC(=O)C(O)(CC(=O)NCCCCCCN)CC(=O)NCCCCCCN
polyurethane_nonisocyanate,zf53ra19MfoVs1yNmHleqg,[H]-[C](-[H])(-[O]-[C](-[H])(-[H])-[C]1(-[H])-[O]-[C](=[O])-[O]-[C]-1(-[H])-[H])-[C](-[H])(-[H])-[C](-[H])(-[H])-[C](-[H])(-[H])-[C](-[H])(-[H])-[C](-[H])(-[H])-[O]-[C](-[H])(-[H])-[C]1(-[H])-[O]-[C](=[O])-[O]-[C]-1(-[H])-[H].[H]-[N](-[H])-[C](-[H])(-[H])-[C](-[H])(-[H])-[C](-[H])(-[H])-[C](-[H])(-[H])-[N](-[H])-[C](=[O])-[C](-[H])(-[H])-[C](-[H])(-[H])-[C](-[H])(-[H])-[C](-[H])(-[H])-[C](-[H])(-[H])-[C](-[H])(-[H])-[C](-[H])(-[H])-[C](-[H])(-[H])-[C]1(-[H])-[C](-[H])(-[H])-[C](-[H])(-[H])-[C](-[H])(-[C](-[H])(-[H])-[C](-[H])(-[H])-[C](-[H])(-[H])-[C](-[H])(-[H])-[C](-[H])(-[H])-[H])-[C](-[H])(-[C](-[H])(-[H])-[C](-[H])(-[H])-[C](-[H])(-[H])-[C](-[H])(-[H])-[C](-[H])(-[H])-[C](-[H])(-[H])-[C](-[H])(-[H])-[H])-[C]-1(-[H])-[C](-[H])(-[H])-[C](-[H])(-[H])-[C](-[H])(-[H])-[C](-[H])(-[H])-[C](-[H])(-[H])-[C](-[H])(-[H])-[C](-[H])(-[H])-[C](-[H])(-[H])-[C](=[O])-[N](-[H])-[C](-[H])(-[H])-[C](-[H])(-[H])-[C](-[H])(-[H])-[C](-[H])(-[H])-[N](-[H])-[C](=[O])-[C](-[H])(-[H])-[C](-[H])(-[H])-[C](-[H])(-[H])-[C](-[H])(-[H])-[C](-[H])(-[H])-[C](-[H])(-[H])-[C](-[H])(-[H])-[C](-[H])(-[H])-[C]1(-[H])-[C](-[H])(-[C](-[H])(-[H])-[C](-[H])(-[H])-[C](-[H])(-[H])-[C](-[H])(-[H])-[C](-[H])(-[H])-[C](-[H])(-[H])-[C](-[H])(-[H])-[C](-[H])(-[H])-[C](=[O])-[N](-[H])-[C](-[H])(-[H])-[C](-[H])(-[H])-[C](-[H])(-[H])-[C](-[H])(-[H])-[N](-[H])-[C](=[O])-[C](-[H])(-[H])-[C](-[H])(-[H])-[C](-[H])(-[H])-[C](-[H])(-[H])-[C](-[H])(-[H])-[C](-[H])(-[H])-[C](-[H])(-[H])-[C](-[H])(-[H])-[C]2(-[H])-[C](-[H])(-[H])-[C](-[H])(-[H])-[C](-[H])(-[C](-[H])(-[H])-[C](-[H])(-[H])-[C](-[H])(-[H])-[C](-[H])(-[H])-[C](-[H])(-[H])-[H])-[C](-[H])(-[C](-[H])(-[H])-[C](-[H])(-[H])-[C](-[H])(-[H])-[C](-[H])(-[H])-[C](-[H])(-[H])-[C](-[H])(-[H])-[C](-[H])(-[H])-[H])-[C]-2(-[H])-[C](-[H])(-[H])-[C](-[H])(-[H])-[C](-[H])(-[H])-[C](-[H])(-[H])-[C](-[H])(-[H])-[C](-[H])(-[H])-[C](-[H])(-[H])-[C](-[H])(-[H])-[C](=[O])-[N](-[H])-[C](-[H])(-[H])-[C](-[H])(-[H])-[C](-[H])(-[H])-[C](-[H])(-[H])-[N](-[H])-[H])-[C](-[H])(-[H])-[C](-[H])(-[H])-[C](-[H])(-[C](-[H])(-[H])-[C](-[H])(-[H])-[C](-[H])(-[H])-[C](-[H])(-[H])-[C](-[H])(-[H])-[H])-[C]-1(-[H])-[C](-[H])(-[H])-[C](-[H])(-[H])-[C](-[H])(-[H])-[C](-[H])(-[H])-[C](-[H])(-[H])-[C](-[H])(-[H])-[C](-[H])(-[H])-[H],CCCCCCCC1C(CCCCC)CCC(CCCCCCCCC(=O)NCCCCNC(=O)CCCCCCCCC2CCC(CCCCC)C(CCCCCCC)C2CCCCCCCCC(=O)NCCCCNC(=O)CCCCCCCCC2C(CCCCCCCCC(=O)NCCCCN)CCC(CCCCC)C2CCCCCCC)C1CCCCCCCCC(=O)NCCCCN.O=C1OCC(COCCCCCCOCC2COC(=O)O2)O1,"['4-[6-[(2-oxo-1,3-dioxolan-4-yl)methoxy]hexoxymethyl]-1,3-dioxolan-2-one', None]",[*:1]-[#6:2]1(-[#1:3])-[#8:4]-[#6:5](=[#8:6])-[#8:7]-[#6:8]-1(-[#1:9])-[#1:10].[#7:11](-[*:12])(-[#1:13])-[#1:14]>>[*:1]-[#6:2](-[#1:3])(-[#8:4]-[#1:13])-[#6:8](-[#8:7]-[#6:5](=[#8:6])-[#7:11](-[*:12])-[#1:14])(-[#1:9])-[#1:10],NIPU,O=C1OCC(COCCCCCCOCC2COC(=O)O2)O1.CCCCCCCC1C(CCCCC)CCC(CCCCCCCCC(=O)NCCCCNC(=O)CCCCCCCCC2CCC(CCCCC)C(CCCCCCC)C2CCCCCCCCC(=O)NCCCCNC(=O)CCCCCCCCC2C(CCCCCCCCC(=O)NCCCCN)CCC(CCCCC)C2CCCCCCC)C1CCCCCCCCC(=O)NCCCCN
polyurethane_nonisocyanate,B5IBuyC_m2byA9hty44ioQ,[H]-[C](-[H])(-[H])-[C](-[H])(-[H])-[C](-[H])(-[H])-[C](-[H])(-[H])-[C](-[H])(-[H])-[C](-[H])(-[H])-[C](-[H])(-[H])-[C]1(-[H])-[C](-[H])(-[C](-[H])(-[H])-[C](-[H])(-[H])-[C](-[H])(-[H])-[C](-[H])(-[H])-[C](-[H])(-[H])-[H])-[C](-[H])(-[H])-[C](-[H])(-[H])-[C](-[H])(-[C](-[H])(-[H])-[C](-[H])(-[H])-[C](-[H])(-[H])-[C](-[H])(-[H])-[C](-[H])(-[H])-[C](-[H])(-[H])-[C](-[H])(-[H])-[C](-[H])(-[H])-[C](=[O])-[O]-[C](-[H])(-[H])-[C]2(-[H])-[O]-[C](=[O])-[O]-[C]-2(-[H])-[H])-[C]-1(-[H])-[C](-[H])(-[H])-[C](-[H])(-[H])-[C](-[H])(-[H])-[C](-[H])(-[H])-[C](-[H])(-[H])-[C](-[H])(-[H])-[C](-[H])(-[H])-[C](-[H])(-[H])-[C](=[O])-[O]-[C](-[H])(-[H])-[C]1(-[H])-[O]-[C](=[O])-[O]-[C]-1(-[H])-[H].[H]-[N](-[H])-[C](-[H])(-[H])-[C](-[H])(-[H])-[O]-[C](-[H])(-[H])-[C](-[H])(-[H])-[O]-[C](-[H])(-[H])-[C](-[H])(-[H])-[N](-[H])-[H],CCCCCCCC1C(CCCCC)CCC(CCCCCCCCC(=O)OCC2COC(=O)O2)C1CCCCCCCCC(=O)OCC1COC(=O)O1.NCCOCCOCCN,"[None, '2-[2-(2-aminoethoxy)ethoxy]ethanamine']",[*:1]-[#6:2]1(-[#1:3])-[#8:4]-[#6:5](=[#8:6])-[#8:7]-[#6:8]-1(-[#1:9])-[#1:10].[#7:11](-[*:12])(-[#1:13])-[#1:14]>>[*:1]-[#6:2](-[#1:3])(-[#8:4]-[#1:13])-[#6:8](-[#8:7]-[#6:5](=[#8:6])-[#7:11](-[*:12])-[#1:14])(-[#1:9])-[#1:10],NIPU,NCCOCCOCCN.CCCCCCCC1C(CCCCC)CCC(CCCCCCCCC(=O)OCC2COC(=O)O2)C1CCCCCCCCC(=O)OCC1COC(=O)O1
polyurethane_nonisocyanate,2nNm7KQNnnv5WzeumOwsSQ,[H]-[C]1=[C](-[H])-[C](-[O]-[C](-[H])(-[H])-[C]2(-[H])-[O]-[C](=[O])-[O]-[C]-2(-[H])-[H])=[C](-[H])-[C](-[O]-[C](-[H])(-[H])-[C]2(-[H])-[O]-[C](=[O])-[O]-[C]-2(-[H])-[H])=[C]-1-[H].[H]-[N](-[H])-[C](-[H])(-[H])-[C](-[H])(-[H])-[C](-[H])(-[H])-[C](-[H])(-[H])-[C](-[H])(-[H])-[C](-[H])(-[H])-[C](-[H])(-[H])-[C](-[H])(-[H])-[C](-[H])(-[H])-[C](-[H])(-[H])-[C]1(-[H])-[C](-[H])(-[C](-[H])(-[H])-[C](-[H])(-[H])-[C](-[H])(-[H])-[C](-[H])(-[H])-[C](-[H])(-[H])-[C](-[H])(-[H])-[C](-[H])(-[H])-[C](-[H])(-[H])-[N](-[H])-[H])-[C](-[H])(-[H])-[C](-[H])(-[H])-[C](-[H])(-[C](-[H])(-[H])-[C](-[H])(-[H])-[C](-[H])(-[H])-[C](-[H])(-[H])-[C](-[H])(-[H])-[C](-[H])(-[H])-[H])-[C]-1(-[H])-[C](-[H])(-[H])-[C](-[H])(-[H])-[C](-[H])(-[H])-[C](-[H])(-[H])-[C](-[H])(-[H])-[C](-[H])(-[H])-[H],CCCCCCC1CCC(CCCCCCCCN)C(CCCCCCCCCCN)C1CCCCCC.O=C1OCC(COc2cccc(OCC3COC(=O)O3)c2)O1,"['4-[[3-[(2-oxo-1,3-dioxolan-4-yl)methoxy]phenoxy]methyl]-1,3-dioxolan-2-one', None]",[*:1]-[#6:2]1(-[#1:3])-[#8:4]-[#6:5](=[#8:6])-[#8:7]-[#6:8]-1(-[#1:9])-[#1:10].[#7:11](-[*:12])(-[#1:13])-[#1:14]>>[*:1]-[#6:2](-[#1:3])(-[#8:4]-[#1:13])-[#6:8](-[#8:7]-[#6:5](=[#8:6])-[#7:11](-[*:12])-[#1:14])(-[#1:9])-[#1:10],NIPU,O=C1OCC(COc2cccc(OCC3COC(=O)O3)c2)O1.CCCCCCC1CCC(CCCCCCCCN)C(CCCCCCCCCCN)C1CCCCCC
polyurethane_nonisocyanate,IOUFJBMmz-4p7WLWCBim6g,[H]-[C](-[H])(-[H])-[C](-[H])(-[H])-[C](-[H])(-[H])-[C](-[H])(-[H])-[C](-[H])(-[H])-[C](-[H])(-[H])-[C](-[H])(-[H])-[C]1(-[H])-[C](-[H])(-[C](-[H])(-[H])-[C](-[H])(-[H])-[C](-[H])(-[H])-[C](-[H])(-[H])-[C](-[H])(-[H])-[H])-[C](-[H])(-[H])-[C](-[H])(-[H])-[C](-[H])(-[C](-[H])(-[H])-[C](-[H])(-[H])-[C](-[H])(-[H])-[C](-[H])(-[H])-[C](-[H])(-[H])-[C](-[H])(-[H])-[C](-[H])(-[H])-[C](-[H])(-[H])-[C](=[O])-[O]-[C](-[H])(-[H])-[C]2(-[H])-[O]-[C](=[O])-[O]-[C]-2(-[H])-[H])-[C]-1(-[H])-[C](-[H])(-[H])-[C](-[H])(-[H])-[C](-[H])(-[H])-[C](-[H])(-[H])-[C](-[H])(-[H])-[C](-[H])(-[H])-[C](-[H])(-[H])-[C](-[H])(-[H])-[C](=[O])-[O]-[C](-[H])(-[H])-[C]1(-[H])-[O]-[C](=[O])-[O]-[C]-1(-[H])-[H].[H]-[C]1=[C](-[H])-[C](-[C](-[H])(-[H])-[N](-[H])-[H])=[C](-[H])-[C](-[C](-[H])(-[H])-[N](-[H])-[H])=[C]-1-[H],CCCCCCCC1C(CCCCC)CCC(CCCCCCCCC(=O)OCC2COC(=O)O2)C1CCCCCCCCC(=O)OCC1COC(=O)O1.NCc1cccc(CN)c1,"[None, '[3-(aminomethyl)phenyl]methanamine']",[*:1]-[#6:2]1(-[#1:3])-[#8:4]-[#6:5](=[#8:6])-[#8:7]-[#6:8]-1(-[#1:9])-[#1:10].[#7:11](-[*:12])(-[#1:13])-[#1:14]>>[*:1]-[#6:2](-[#1:3])(-[#8:4]-[#1:13])-[#6:8](-[#8:7]-[#6:5](=[#8:6])-[#7:11](-[*:12])-[#1:14])(-[#1:9])-[#1:10],NIPU,NCc1cccc(CN)c1.CCCCCCCC1C(CCCCC)CCC(CCCCCCCCC(=O)OCC2COC(=O)O2)C1CCCCCCCCC(=O)OCC1COC(=O)O1
polyurethane_nonisocyanate,IYO-4XQ-aM5dhu7qgJNlQg,[H]-[C](-[H])(-[H])-[C](-[H])(-[H])-[C](-[H])(-[H])-[C](-[H])(-[H])-[C](-[H])(-[H])-[C](-[H])(-[H])-[C](-[H])(-[H])-[C]1(-[H])-[C](-[H])(-[C](-[H])(-[H])-[C](-[H])(-[H])-[C](-[H])(-[H])-[C](-[H])(-[H])-[C](-[H])(-[H])-[H])-[C](-[H])(-[H])-[C](-[H])(-[H])-[C](-[H])(-[C](-[H])(-[H])-[C](-[H])(-[H])-[C](-[H])(-[H])-[C](-[H])(-[H])-[C](-[H])(-[H])-[C](-[H])(-[H])-[C](-[H])(-[H])-[C](-[H])(-[H])-[C](=[O])-[O]-[C](-[H])(-[H])-[C]2(-[H])-[O]-[C](=[O])-[O]-[C]-2(-[H])-[H])-[C]-1(-[H])-[C](-[H])(-[H])-[C](-[H])(-[H])-[C](-[H])(-[H])-[C](-[H])(-[H])-[C](-[H])(-[H])-[C](-[H])(-[H])-[C](-[H])(-[H])-[C](-[H])(-[H])-[C](=[O])-[O]-[C](-[H])(-[H])-[C]1(-[H])-[O]-[C](=[O])-[O]-[C]-1(-[H])-[H].[H]-[N](-[H])-[C](-[H])(-[H])-[C](-[H])(-[H])-[C](-[H])(-[H])-[C](-[H])(-[H])-[C](-[H])(-[H])-[C](-[H])(-[H])-[C](-[H])(-[H])-[C](-[H])(-[H])-[C](-[H])(-[H])-[C](-[H])(-[H])-[C]1(-[H])-[C](-[H])(-[C](-[H])(-[H])-[C](-[H])(-[H])-[C](-[H])(-[H])-[C](-[H])(-[H])-[C](-[H])(-[H])-[C](-[H])(-[H])-[C](-[H])(-[H])-[C](-[H])(-[H])-[N](-[H])-[H])-[C](-[H])(-[H])-[C](-[H])(-[H])-[C](-[H])(-[C](-[H])(-[H])-[C](-[H])(-[H])-[C](-[H])(-[H])-[C](-[H])(-[H])-[C](-[H])(-[H])-[C](-[H])(-[H])-[H])-[C]-1(-[H])-[C](-[H])(-[H])-[C](-[H])(-[H])-[C](-[H])(-[H])-[C](-[H])(-[H])-[C](-[H])(-[H])-[C](-[H])(-[H])-[H],CCCCCCC1CCC(CCCCCCCCN)C(CCCCCCCCCCN)C1CCCCCC.CCCCCCCC1C(CCCCC)CCC(CCCCCCCCC(=O)OCC2COC(=O)O2)C1CCCCCCCCC(=O)OCC1COC(=O)O1,"[None, None]",[*:1]-[#6:2]1(-[#1:3])-[#8:4]-[#6:5](=[#8:6])-[#8:7]-[#6:8]-1(-[#1:9])-[#1:10].[#7:11](-[*:12])(-[#1:13])-[#1:14]>>[*:1]-[#6:2](-[#1:3])(-[#8:4]-[#1:13])-[#6:8](-[#8:7]-[#6:5](=[#8:6])-[#7:11](-[*:12])-[#1:14])(-[#1:9])-[#1:10],NIPU,CCCCCCC1CCC(CCCCCCCCN)C(CCCCCCCCCCN)C1CCCCCC.CCCCCCCC1C(CCCCC)CCC(CCCCCCCCC(=O)OCC2COC(=O)O2)C1CCCCCCCCC(=O)OCC1COC(=O)O1
polyurethane_nonisocyanate,is1KDBye5VFPkeg3lzmhQg,[H]-[C](-[H])(-[O]-[C](-[H])(-[H])-[C]1(-[H])-[O]-[C](=[O])-[O]-[C]-1(-[H])-[H])-[C](-[H])(-[H])-[C](-[H])(-[H])-[C](-[H])(-[H])-[C](-[H])(-[H])-[C](-[H])(-[H])-[O]-[C](-[H])(-[H])-[C]1(-[H])-[O]-[C](=[O])-[O]-[C]-1(-[H])-[H].[H]-[N](-[H])-[C](-[H])(-[H])-[C](-[H])(-[H])-[C](-[H])(-[H])-[N](-[H])-[C](-[H])(-[H])-[C](-[H])(-[H])-[C](-[H])(-[H])-[N](-[H])-[H],NCCCNCCCN.O=C1OCC(COCCCCCCOCC2COC(=O)O2)O1,"['4-[6-[(2-oxo-1,3-dioxolan-4-yl)methoxy]hexoxymethyl]-1,3-dioxolan-2-one', 'N-(3-aminopropyl)propane-1,3-diamine']",[*:1]-[#6:2]1(-[#1:3])-[#8:4]-[#6:5](=[#8:6])-[#8:7]-[#6:8]-1(-[#1:9])-[#1:10].[#7:11](-[*:12])(-[#1:13])-[#1:14]>>[*:1]-[#6:2](-[#1:3])(-[#8:4]-[#1:13])-[#6:8](-[#8:7]-[#6:5](=[#8:6])-[#7:11](-[*:12])-[#1:14])(-[#1:9])-[#1:10],NIPU,NCCCNCCCN.O=C1OCC(COCCCCCCOCC2COC(=O)O2)O1
polyurethane_nonisocyanate,KF5Ukf3x-NNPpN9RtP8bAg,[H]-[C](-[H])(-[O]-[C](-[H])(-[H])-[C]1(-[H])-[O]-[C](=[O])-[O]-[C]-1(-[H])-[H])-[C](-[H])(-[H])-[C](-[H])(-[H])-[C](-[H])(-[H])-[C](-[H])(-[H])-[C](-[H])(-[H])-[O]-[C](-[H])(-[H])-[C]1(-[H])-[O]-[C](=[O])-[O]-[C]-1(-[H])-[H].[H]-[C]1=[C](-[H])-[C](-[C](-[H])(-[H])-[N](-[H])-[H])=[C](-[H])-[C](-[C](-[H])(-[H])-[N](-[H])-[H])=[C]-1-[H],NCc1cccc(CN)c1.O=C1OCC(COCCCCCCOCC2COC(=O)O2)O1,"['4-[6-[(2-oxo-1,3-dioxolan-4-yl)methoxy]hexoxymethyl]-1,3-dioxolan-2-one', '[3-(aminomethyl)phenyl]methanamine']",[*:1]-[#6:2]1(-[#1:3])-[#8:4]-[#6:5](=[#8:6])-[#8:7]-[#6:8]-1(-[#1:9])-[#1:10].[#7:11](-[*:12])(-[#1:13])-[#1:14]>>[*:1]-[#6:2](-[#1:3])(-[#8:4]-[#1:13])-[#6:8](-[#8:7]-[#6:5](=[#8:6])-[#7:11](-[*:12])-[#1:14])(-[#1:9])-[#1:10],NIPU,NCc1cccc(CN)c1.O=C1OCC(COCCCCCCOCC2COC(=O)O2)O1
polyurethane_nonisocyanate,zPbz0_H61lWLtK-19NG81w,[H]-[C]1=[C](-[O]-[C](-[H])(-[H])-[C]2(-[H])-[O]-[C](=[O])-[O]-[C]-2(-[H])-[H])-[C](-[H])=[C](-[H])-[C](-[C](-[C]2=[C](-[H])-[C](-[H])=[C](-[O]-[C](-[H])(-[H])-[C]3(-[H])-[O]-[C](=[O])-[O]-[C]-3(-[H])-[H])-[C](-[H])=[C]-2-[H])(-[C](-[H])(-[H])-[H])-[C](-[H])(-[H])-[H])=[C]-1-[H].[H]-[N](-[H])-[C](-[H])(-[H])-[C](-[H])(-[H])-[C](-[H])(-[H])-[C](-[H])(-[H])-[C](-[H])(-[H])-[C](-[H])(-[H])-[C](-[H])(-[H])-[C](-[H])(-[H])-[C](-[H])(-[H])-[C](-[H])(-[H])-[C](-[H])(-[H])-[C](-[H])(-[H])-[N](-[H])-[H],CC(C)(c1ccc(OCC2COC(=O)O2)cc1)c1ccc(OCC2COC(=O)O2)cc1.NCCCCCCCCCCCCN,"['4-[[4-[2-[4-[(2-oxo-1,3-dioxolan-4-yl)methoxy]phenyl]propan-2-yl]phenoxy]methyl]-1,3-dioxolan-2-one', 'dodecane-1,12-diamine']",[*:1]-[#6:2]1(-[#1:3])-[#8:4]-[#6:5](=[#8:6])-[#8:7]-[#6:8]-1(-[#1:9])-[#1:10].[#7:11](-[*:12])(-[#1:13])-[#1:14]>>[*:1]-[#6:2](-[#1:3])(-[#8:4]-[#1:13])-[#6:8](-[#8:7]-[#6:5](=[#8:6])-[#7:11](-[*:12])-[#1:14])(-[#1:9])-[#1:10],NIPU,NCCCCCCCCCCCCN.CC(C)(c1ccc(OCC2COC(=O)O2)cc1)c1ccc(OCC2COC(=O)O2)cc1
polyurethane_nonisocyanate,N0d0lGYeWicEf8PMp5ixpg,[H]-[C]1=[C](-[O]-[C](-[H])(-[H])-[C]2(-[H])-[O]-[C](=[O])-[O]-[C]-2(-[H])-[H])-[C](-[H])=[C](-[H])-[C](-[O]-[C](-[H])(-[H])-[C]2(-[H])-[O]-[C](=[O])-[O]-[C]-2(-[H])-[H])=[C]-1-[H].[H]-[N](-[H])-[C](-[H])(-[H])-[C](-[H])(-[H])-[C](-[H])(-[H])-[C](-[H])(-[H])-[C](-[H])(-[H])-[C](-[H])(-[H])-[N](-[H])-[H],NCCCCCCN.O=C1OCC(COc2ccc(OCC3COC(=O)O3)cc2)O1,"['4-[[4-[(2-oxo-1,3-dioxolan-4-yl)methoxy]phenoxy]methyl]-1,3-dioxolan-2-one', 'HEXANE-1,6-DIAMINE']",[*:1]-[#6:2]1(-[#1:3])-[#8:4]-[#6:5](=[#8:6])-[#8:7]-[#6:8]-1(-[#1:9])-[#1:10].[#7:11](-[*:12])(-[#1:13])-[#1:14]>>[*:1]-[#6:2](-[#1:3])(-[#8:4]-[#1:13])-[#6:8](-[#8:7]-[#6:5](=[#8:6])-[#7:11](-[*:12])-[#1:14])(-[#1:9])-[#1:10],NIPU,NCCCCCCN.O=C1OCC(COc2ccc(OCC3COC(=O)O3)cc2)O1
polyurethane_nonisocyanate,e6nmj-LqwrhU2Szaj3mHLA,[H]-[C]1=[C](-[H])-[C](-[O]-[C](-[H])(-[H])-[C]2(-[H])-[O]-[C](=[O])-[O]-[C]-2(-[H])-[H])=[C](-[H])-[C](-[O]-[C](-[H])(-[H])-[C]2(-[H])-[O]-[C](=[O])-[O]-[C]-2(-[H])-[H])=[C]-1-[H].[H]-[N](-[H])-[C](-[H])(-[H])-[C](-[H])(-[H])-[O]-[C](-[H])(-[H])-[C](-[H])(-[H])-[O]-[C](-[H])(-[H])-[C](-[H])(-[H])-[N](-[H])-[H],NCCOCCOCCN.O=C1OCC(COc2cccc(OCC3COC(=O)O3)c2)O1,"['4-[[3-[(2-oxo-1,3-dioxolan-4-yl)methoxy]phenoxy]methyl]-1,3-dioxolan-2-one', '2-[2-(2-aminoethoxy)ethoxy]ethanamine']",[*:1]-[#6:2]1(-[#1:3])-[#8:4]-[#6:5](=[#8:6])-[#8:7]-[#6:8]-1(-[#1:9])-[#1:10].[#7:11](-[*:12])(-[#1:13])-[#1:14]>>[*:1]-[#6:2](-[#1:3])(-[#8:4]-[#1:13])-[#6:8](-[#8:7]-[#6:5](=[#8:6])-[#7:11](-[*:12])-[#1:14])(-[#1:9])-[#1:10],NIPU,NCCOCCOCCN.O=C1OCC(COc2cccc(OCC3COC(=O)O3)c2)O1
polyurethane_isocyanate,9XV1Em1fFkqJ_798tpzshw,[H]-[C]1=[C](-[H])-[C](-[H])=[C](-[P](=[O])(-[C]2=[C](-[H])-[C](-[H])=[C](-[N]3-[C](=[O])-[C]4=[C](-[H])-[C](-[H])=[C](-[N]=[C]=[O])-[C](-[H])=[C]-4-[C]-3=[O])-[C](-[H])=[C]-2-[H])-[C]2=[C](-[H])-[C](-[H])=[C](-[N]3-[C](=[O])-[C]4=[C](-[H])-[C](-[H])=[C](-[N]=[C]=[O])-[C](-[H])=[C]-4-[C]-3=[O])-[C](-[H])=[C]-2-[H])-[C](-[H])=[C]-1-[H].[H]-[O]-[C](-[H])(-[H])-[C](-[H])(-[H])-[O]-[C]1=[C](-[H])-[C](-[H])=[C](-[C](-[C]2=[C](-[H])-[C](-[H])=[C](-[O]-[C](-[H])(-[H])-[C](-[H])(-[H])-[O]-[H])-[C](-[H])=[C]-2-[H])(-[C](-[F])(-[F])-[F])-[C](-[F])(-[F])-[F])-[C](-[H])=[C]-1-[H],O=C=Nc1ccc2c(c1)C(=O)N(c1ccc(P(=O)(c3ccccc3)c3ccc(N4C(=O)c5ccc(N=C=O)cc5C4=O)cc3)cc1)C2=O.OCCOc1ccc(C(c2ccc(OCCO)cc2)(C(F)(F)F)C(F)(F)F)cc1,"[None, '2-[4-[1,1,1,3,3,3-hexafluoro-2-[4-(2-hydroxyethoxy)phenyl]propan-2-yl]phenoxy]ethanol']",[#8:1]=[#6:2]=[#7:3]-[*:4].[#8:5](-[*:6])-[#1:7]>>[#8:1]=[#6:2](-[#7:3](-[*:4])-[#1:7])-[#8:5]-[*:6],urethane,OCCOc1ccc(C(c2ccc(OCCO)cc2)(C(F)(F)F)C(F)(F)F)cc1.O=C=Nc1ccc2c(c1)C(=O)N(c1ccc(P(=O)(c3ccccc3)c3ccc(N4C(=O)c5ccc(N=C=O)cc5C4=O)cc3)cc1)C2=O
polyurethane_isocyanate,Ur2pa-ru_fOWzZBkQcEmsg,[H]-[C]1=[C](-[N]=[C]=[O])-[C](-[H])=[C](-[H])-[C](-[C](-[H])(-[H])-[C]2=[C](-[H])-[C](-[H])=[C](-[N]=[C]=[O])-[C](-[H])=[C]-2-[H])=[C]-1-[H].[H]-[O]-[C](-[H])(-[H])-[C](-[C](-[H])(-[H])-[H])(-[C](-[H])(-[H])-[O]-[H])-[C](-[H])(-[H])-[N](-[C](-[H])(-[H])-[H])-[C](-[H])(-[H])-[H],CN(C)CC(C)(CO)CO.O=C=Nc1ccc(Cc2ccc(N=C=O)cc2)cc1,"['1-isocyanato-4-[(4-isocyanatophenyl)methyl]benzene', '2-(dimethylaminomethyl)-2-methylpropane-1,3-diol']",[#8:1]=[#6:2]=[#7:3]-[*:4].[#8:5](-[*:6])-[#1:7]>>[#8:1]=[#6:2](-[#7:3](-[*:4])-[#1:7])-[#8:5]-[*:6],urethane,CN(C)CC(C)(CO)CO.O=C=Nc1ccc(Cc2ccc(N=C=O)cc2)cc1
polyurethane_isocyanate,iaIfZRRrk75XPEJllIkCUg,[H]-[C](-[H])(-[N]=[C]=[O])-[C](-[H])(-[H])-[C](-[H])(-[H])-[C](-[H])(-[H])-[C](-[H])(-[H])-[C](-[H])(-[H])-[C](-[H])(-[H])-[C](-[H])(-[H])-[C](-[H])(-[H])-[C](-[H])(-[H])-[N]=[C]=[O].[H]-[O]-[C](-[H])(-[H])-[C](-[H])(-[H])-[C](-[H])(-[H])-[C](-[H])(-[H])-[C](-[H])(-[H])-[C](-[H])(-[H])-[C](-[H])(-[H])-[C](-[H])(-[H])-[C](-[H])=[C](-[H])-[C](-[H])(-[H])-[C](-[H])(-[O]-[H])-[C](-[H])(-[H])-[C](-[H])(-[H])-[C](-[H])(-[H])-[C](-[H])(-[H])-[C](-[H])(-[H])-[C](-[H])(-[H])-[H],CCCCCCC(O)CC=CCCCCCCCCO.O=C=NCCCCCCCCCCN=C=O,"['1,10-diisocyanatodecane', 'octadec-9-ene-1,12-diol']",[#8:1]=[#6:2]=[#7:3]-[*:4].[#8:5](-[*:6])-[#1:7]>>[#8:1]=[#6:2](-[#7:3](-[*:4])-[#1:7])-[#8:5]-[*:6],urethane,O=C=NCCCCCCCCCCN=C=O.CCCCCCC(O)CC=CCCCCCCCCO
polyurethane_isocyanate,l6Y6i3MNFvMhg6IWgudNlg,[H]-[C](-[H])(-[N]=[C]=[O])-[C](-[H])(-[H])-[C](-[H])(-[H])-[C](-[H])(-[H])-[N]=[C]=[O].[H]-[O]-[C](-[H])(-[H])-[C](-[H])(-[H])-[C](-[H])(-[H])-[O]-[H],O=C=NCCCCN=C=O.OCCCO,"['1,4-diisocyanatobutane', 'Propane-1,3-diol']",[#8:1]=[#6:2]=[#7:3]-[*:4].[#8:5](-[*:6])-[#1:7]>>[#8:1]=[#6:2](-[#7:3](-[*:4])-[#1:7])-[#8:5]-[*:6],urethane,OCCCO.O=C=NCCCCN=C=O
polyurethane_isocyanate,f0quCVi36wntH9uvtMAPfQ,[H]-[C]1=[C](-[N]=[C]=[O])-[C](-[H])=[C]2-[C](=[O])-[N](-[C]3=[C](-[H])-[C](-[H])=[C](-[P](=[O])(-[C]4=[C](-[H])-[C](-[H])=[C](-[N]5-[C](=[O])-[C]6=[C](-[H])-[C](-[H])=[C](-[N]=[C]=[O])-[C](-[H])=[C]-6-[C]-5=[O])-[C](-[H])=[C]-4-[H])-[C](-[H])(-[H])-[H])-[C](-[H])=[C]-3-[H])-[C](=[O])-[C]-2=[C]-1-[H].[H]-[O]-[C](-[H])(-[H])-[C](-[H])(-[H])-[O]-[C]1=[C](-[H])-[C](-[H])=[C](-[P](=[O])(-[C]2=[C](-[H])-[C](-[H])=[C](-[H])-[C](-[H])=[C]-2-[H])-[C]2=[C](-[H])-[C](-[H])=[C](-[O]-[C](-[H])(-[H])-[C](-[H])(-[H])-[O]-[H])-[C](-[H])=[C]-2-[H])-[C](-[H])=[C]-1-[H],CP(=O)(c1ccc(N2C(=O)c3ccc(N=C=O)cc3C2=O)cc1)c1ccc(N2C(=O)c3ccc(N=C=O)cc3C2=O)cc1.O=P(c1ccccc1)(c1ccc(OCCO)cc1)c1ccc(OCCO)cc1,"[None, '2-[4-[[4-(2-hydroxyethoxy)phenyl]-phenylphosphoryl]phenoxy]ethanol']",[#8:1]=[#6:2]=[#7:3]-[*:4].[#8:5](-[*:6])-[#1:7]>>[#8:1]=[#6:2](-[#7:3](-[*:4])-[#1:7])-[#8:5]-[*:6],urethane,O=P(c1ccccc1)(c1ccc(OCCO)cc1)c1ccc(OCCO)cc1.CP(=O)(c1ccc(N2C(=O)c3ccc(N=C=O)cc3C2=O)cc1)c1ccc(N2C(=O)c3ccc(N=C=O)cc3C2=O)cc1
polyurethane_isocyanate,fn2maDmRB2N_9kPyd_U3bA,[H]-[C](-[H])(-[N]=[C]=[O])-[C](-[H])(-[H])-[C](-[H])(-[H])-[C](-[H])(-[H])-[C](-[H])(-[H])-[C](-[H])(-[H])-[N]=[C]=[O].[H]-[O]-[C](-[H])(-[H])-[C]1(-[H])-[C](-[H])(-[H])-[C]2(-[H])-[C]3(-[H])-[C](-[H])(-[H])-[C](-[H])(-[C](-[H])(-[H])-[O]-[H])-[C](-[H])(-[C]-3(-[H])-[H])-[C]-2(-[H])-[C]-1(-[H])-[H],O=C=NCCCCCCN=C=O.OCC1CC2C3CC(CO)C(C3)C2C1,"['1,6-Diisocyanatohexane', '[8-(hydroxymethyl)-4-tricyclo[5.2.1.02,6]decanyl]methanol']",[#8:1]=[#6:2]=[#7:3]-[*:4].[#8:5](-[*:6])-[#1:7]>>[#8:1]=[#6:2](-[#7:3](-[*:4])-[#1:7])-[#8:5]-[*:6],urethane,O=C=NCCCCCCN=C=O.OCC1CC2C3CC(CO)C(C3)C2C1
polyurethane_isocyanate,VAs3IM_sGkxxzXj5f4NKLQ,[H]-[C](-[H])(-[H])-[C]1(-[C](-[H])(-[H])-[H])-[C](-[H])(-[H])-[C](-[H])(-[N]=[C]=[O])-[C](-[H])(-[H])-[C](-[C](-[H])(-[H])-[H])(-[C](-[H])(-[H])-[N]=[C]=[O])-[C]-1(-[H])-[H].[H]-[O]-[C]1=[C](-[H])-[C](-[H])=[C](-[N]=[C](-[H])-[C]2=[C](-[H])-[C](-[H])=[C](-[C](-[H])=[N]-[C]3=[C](-[H])-[C](-[H])=[C](-[O]-[H])-[C](-[H])=[C]-3-[H])-[C](-[H])=[C]-2-[H])-[C](-[H])=[C]-1-[H],CC1(C)CC(N=C=O)CC(C)(CN=C=O)C1.Oc1ccc(N=Cc2ccc(C=Nc3ccc(O)cc3)cc2)cc1,"['5-Isocyanato-1-(isocyanatomethyl)-1,3,3-trimethylcyclohexane', '4-[[4-[(4-hydroxyphenyl)iminomethyl]phenyl]methylideneamino]phenol']",[#8:1]=[#6:2]=[#7:3]-[*:4].[#8:5](-[*:6])-[#1:7]>>[#8:1]=[#6:2](-[#7:3](-[*:4])-[#1:7])-[#8:5]-[*:6],urethane,CC1(C)CC(N=C=O)CC(C)(CN=C=O)C1.Oc1ccc(N=Cc2ccc(C=Nc3ccc(O)cc3)cc2)cc1
polyurethane_isocyanate,R1dVhhxWJ8Ubk6ySyCjKRA,[H]-[C](-[H])(-[N]=[C]=[O])-[C](-[H])(-[H])-[C](-[H])(-[H])-[C](-[H])(-[H])-[C](-[H])(-[H])-[C](-[H])(-[H])-[N]=[C]=[O].[H]-[O]-[C]1(-[H])-[C](-[H])(-[H])-[O]-[C]2(-[H])-[C](-[H])(-[O]-[H])-[C](-[H])(-[H])-[O]-[C]-1-2-[H],O=C=NCCCCCCN=C=O.OC1COC2C(O)COC12,"['1,6-Diisocyanatohexane', '2,3,3a,5,6,6a-hexahydrofuro[5,4-d]furan-3,6-diol']",[#8:1]=[#6:2]=[#7:3]-[*:4].[#8:5](-[*:6])-[#1:7]>>[#8:1]=[#6:2](-[#7:3](-[*:4])-[#1:7])-[#8:5]-[*:6],urethane,OC1COC2C(O)COC12.O=C=NCCCCCCN=C=O
polyurethane_isocyanate,7Bms3DnMsDlIKnspXRyLzw,[H]-[C](-[H])(-[N]=[C]=[O])-[C](-[H])(-[H])-[C](-[H])(-[H])-[C](-[H])(-[H])-[N]=[C]=[O].[H]-[O]-[C](-[H])(-[H])-[C](-[H])(-[H])-[C](-[H])(-[H])-[C](-[H])(-[H])-[C](-[H])(-[H])-[C](-[H])(-[H])-[C](-[H])(-[H])-[C](-[H])(-[H])-[C](-[H])(-[H])-[C](-[H])(-[H])-[O]-[H],O=C=NCCCCN=C=O.OCCCCCCCCCCO,"['1,4-diisocyanatobutane', 'Decane-1,10-diol']",[#8:1]=[#6:2]=[#7:3]-[*:4].[#8:5](-[*:6])-[#1:7]>>[#8:1]=[#6:2](-[#7:3](-[*:4])-[#1:7])-[#8:5]-[*:6],urethane,O=C=NCCCCN=C=O.OCCCCCCCCCCO
polyurethane_isocyanate,PGBhLBsXEerRKTl8eovsBQ,[H]-[C](-[H])(-[N]=[C]=[O])-[C](-[H])(-[H])-[C](-[H])(-[H])-[C](-[H])(-[H])-[N]=[C]=[O].[H]-[O]-[C](-[H])(-[H])-[C](-[H])(-[H])-[N](-[C]1=[C](-[H])-[C](-[H])=[C](-[H])-[C](-[H])=[C]-1-[H])-[C](-[H])(-[H])-[C](-[H])(-[H])-[O]-[H],O=C=NCCCCN=C=O.OCCN(CCO)c1ccccc1,"['1,4-diisocyanatobutane', '2-(2-hydroxyethyl-phenylamino)ethanol']",[#8:1]=[#6:2]=[#7:3]-[*:4].[#8:5](-[*:6])-[#1:7]>>[#8:1]=[#6:2](-[#7:3](-[*:4])-[#1:7])-[#8:5]-[*:6],urethane,O=C=NCCCCN=C=O.OCCN(CCO)c1ccccc1
polyurethane_isocyanate,dryR_Rnt__42pG1RK5LWwA,[H]-[C]1(-[H])-[C](-[H])(-[H])-[C](-[H])(-[N]=[C]=[O])-[C](-[H])(-[H])-[C](-[H])(-[H])-[C]-1(-[H])-[N]=[C]=[O].[H]-[O]-[C](-[H])(-[H])-[C]1(-[H])-[C](-[H])(-[H])-[C]2(-[H])-[C](-[H])(-[H])-[C]-1(-[H])-[C]1(-[H])-[C](-[H])(-[H])-[C](-[H])(-[H])-[C](-[H])(-[C](-[H])(-[H])-[O]-[H])-[C]-2-1-[H],O=C=NC1CCC(N=C=O)CC1.OCC1CC2CC1C1CCC(CO)C21,"['1,4-Diisocyanatocyclohexane', '[8-(hydroxymethyl)-3-tricyclo[5.2.1.02,6]decanyl]methanol']",[#8:1]=[#6:2]=[#7:3]-[*:4].[#8:5](-[*:6])-[#1:7]>>[#8:1]=[#6:2](-[#7:3](-[*:4])-[#1:7])-[#8:5]-[*:6],urethane,O=C=NC1CCC(N=C=O)CC1.OCC1CC2CC1C1CCC(CO)C21
polyurethane_isocyanate,iQjb1yDHrXL0XUGRn1pBfw,[H]-[C]1=[C](-[N]=[C]=[O])-[C](-[H])=[C]2-[C](=[O])-[N](-[C]3=[C](-[H])-[C](-[H])=[C](-[P](=[O])(-[C]4=[C](-[H])-[C](-[H])=[C](-[N]5-[C](=[O])-[C]6=[C](-[H])-[C](-[H])=[C](-[N]=[C]=[O])-[C](-[H])=[C]-6-[C]-5=[O])-[C](-[H])=[C]-4-[H])-[C](-[H])(-[H])-[H])-[C](-[H])=[C]-3-[H])-[C](=[O])-[C]-2=[C]-1-[H].[H]-[O]-[C](-[H])(-[H])-[C](-[H])(-[H])-[O]-[C]1=[C](-[Br])-[C](-[H])=[C](-[C](-[C]2=[C](-[H])-[C](-[Br])=[C](-[O]-[C](-[H])(-[H])-[C](-[H])(-[H])-[O]-[H])-[C](-[Br])=[C]-2-[H])(-[C](-[H])(-[H])-[H])-[C](-[H])(-[H])-[H])-[C](-[H])=[C]-1-[Br],CC(C)(c1cc(Br)c(OCCO)c(Br)c1)c1cc(Br)c(OCCO)c(Br)c1.CP(=O)(c1ccc(N2C(=O)c3ccc(N=C=O)cc3C2=O)cc1)c1ccc(N2C(=O)c3ccc(N=C=O)cc3C2=O)cc1,"[None, '2-[2,6-dibromo-4-[2-[3,5-dibromo-4-(2-hydroxyethoxy)phenyl]propan-2-yl]phenoxy]ethanol']",[#8:1]=[#6:2]=[#7:3]-[*:4].[#8:5](-[*:6])-[#1:7]>>[#8:1]=[#6:2](-[#7:3](-[*:4])-[#1:7])-[#8:5]-[*:6],urethane,CP(=O)(c1ccc(N2C(=O)c3ccc(N=C=O)cc3C2=O)cc1)c1ccc(N2C(=O)c3ccc(N=C=O)cc3C2=O)cc1.CC(C)(c1cc(Br)c(OCCO)c(Br)c1)c1cc(Br)c(OCCO)c(Br)c1
polyurethane_isocyanate,rygurS39bL1IcRgRMLqfWQ,[H]-[C]1=[C](-[N]=[C]=[O])-[C](-[H])=[C](-[H])-[C](-[C](-[H])(-[H])-[C]2=[C](-[H])-[C](-[H])=[C](-[N]=[C]=[O])-[C](-[H])=[C]-2-[H])=[C]-1-[H].[H]-[O]-[C](-[H])(-[H])-[C](-[H])(-[H])-[N](-[C]1=[C](-[H])-[C](-[H])=[C](-[H])-[C](-[H])=[C]-1-[H])-[C](-[H])(-[H])-[C](-[H])(-[H])-[O]-[H],O=C=Nc1ccc(Cc2ccc(N=C=O)cc2)cc1.OCCN(CCO)c1ccccc1,"['1-isocyanato-4-[(4-isocyanatophenyl)methyl]benzene', '2-(2-hydroxyethyl-phenylamino)ethanol']",[#8:1]=[#6:2]=[#7:3]-[*:4].[#8:5](-[*:6])-[#1:7]>>[#8:1]=[#6:2](-[#7:3](-[*:4])-[#1:7])-[#8:5]-[*:6],urethane,OCCN(CCO)c1ccccc1.O=C=Nc1ccc(Cc2ccc(N=C=O)cc2)cc1
polyurethane_isocyanate,A1h42Rx5Pb64rfPtHATgRg,[H]-[C](-[H])(-[N]=[C]=[O])-[C](-[H])(-[H])-[C](-[H])(-[H])-[C](-[H])(-[H])-[C](-[H])(-[H])-[C](-[H])(-[H])-[N]=[C]=[O].[H]-[O]-[C](-[H])(-[H])-[C]1=[C](-[H])-[C](-[H])=[C](-[H])-[C](-[C](-[H])(-[H])-[O]-[H])=[N]-1,O=C=NCCCCCCN=C=O.OCc1cccc(CO)n1,"['1,6-Diisocyanatohexane', '[6-(hydroxymethyl)pyridin-2-yl]methanol']",[#8:1]=[#6:2]=[#7:3]-[*:4].[#8:5](-[*:6])-[#1:7]>>[#8:1]=[#6:2](-[#7:3](-[*:4])-[#1:7])-[#8:5]-[*:6],urethane,OCc1cccc(CO)n1.O=C=NCCCCCCN=C=O
polyurethane_isocyanate,nWzQsYm7fELLThvEnE4-gQ,[H]-[C](-[H])(-[N]=[C]=[O])-[C](-[H])(-[H])-[C](-[H])(-[H])-[C](-[H])(-[H])-[C](-[H])(-[H])-[C](-[H])(-[H])-[C](-[H])(-[H])-[C](-[H])(-[H])-[N]=[C]=[O].[H]-[O]-[C](-[H])(-[H])-[C](-[H])(-[H])-[C](-[H])(-[H])-[C](-[H])(-[H])-[C](-[H])(-[H])-[C](-[H])(-[H])-[C](-[H])(-[H])-[C](-[H])(-[H])-[C](-[H])(-[H])-[C](-[H])(-[H])-[C](-[H])(-[H])-[C](-[H])(-[H])-[C](-[H])(-[H])-[C](-[H])(-[H])-[C](-[H])(-[H])-[C](-[H])(-[H])-[C](-[H])(-[H])-[C](-[H])(-[H])-[C](-[H])(-[H])-[C](-[H])(-[H])-[O]-[H],O=C=NCCCCCCCCN=C=O.OCCCCCCCCCCCCCCCCCCCCO,"['1,8-Diisocyanatooctane', 'icosane-1,20-diol']",[#8:1]=[#6:2]=[#7:3]-[*:4].[#8:5](-[*:6])-[#1:7]>>[#8:1]=[#6:2](-[#7:3](-[*:4])-[#1:7])-[#8:5]-[*:6],urethane,O=C=NCCCCCCCCN=C=O.OCCCCCCCCCCCCCCCCCCCCO
polyurethane_isocyanate,UsTRSpKpteKCpDIYWHod6Q,[H]-[C](-[H])(-[N]=[C]=[O])-[C]1(-[H])-[C](-[H])(-[H])-[C](-[H])(-[H])-[C](-[H])(-[H])-[C](-[H])(-[C](-[H])(-[H])-[N]=[C]=[O])-[C]-1(-[H])-[H].[H]-[O]-[C](-[H])(-[H])-[C]1(-[H])-[C](-[H])(-[H])-[C](-[H])(-[H])-[C](-[H])(-[C](-[H])(-[H])-[O]-[H])-[C](-[H])(-[H])-[C]-1(-[H])-[H],O=C=NCC1CCCC(CN=C=O)C1.OCC1CCC(CO)CC1,"['1,3-Bis(isocyanatomethyl)cyclohexane', '[4-(hydroxymethyl)cyclohexyl]methanol']",[#8:1]=[#6:2]=[#7:3]-[*:4].[#8:5](-[*:6])-[#1:7]>>[#8:1]=[#6:2](-[#7:3](-[*:4])-[#1:7])-[#8:5]-[*:6],urethane,OCC1CCC(CO)CC1.O=C=NCC1CCCC(CN=C=O)C1
polyurethane_isocyanate,3Rs2zVsQPG8SFkcuEKqNAw,[H]-[C](-[H])(-[H])-[C]1(-[C](-[H])(-[H])-[H])-[C](-[H])(-[H])-[C](-[H])(-[N]=[C]=[O])-[C](-[H])(-[H])-[C](-[C](-[H])(-[H])-[H])(-[C](-[H])(-[H])-[N]=[C]=[O])-[C]-1(-[H])-[H].[H]-[O]-[C](-[H])(-[H])-[C](-[H])(-[H])-[O]-[C](-[H])(-[H])-[C](-[H])(-[H])-[O]-[C](-[H])(-[H])-[C](-[H])(-[H])-[O]-[C](-[H])(-[H])-[C](-[H])(-[H])-[O]-[H],CC1(C)CC(N=C=O)CC(C)(CN=C=O)C1.OCCOCCOCCOCCO,"['5-Isocyanato-1-(isocyanatomethyl)-1,3,3-trimethylcyclohexane', '2-[2-[2-(2-hydroxyethoxy)ethoxy]ethoxy]ethanol']",[#8:1]=[#6:2]=[#7:3]-[*:4].[#8:5](-[*:6])-[#1:7]>>[#8:1]=[#6:2](-[#7:3](-[*:4])-[#1:7])-[#8:5]-[*:6],urethane,OCCOCCOCCOCCO.CC1(C)CC(N=C=O)CC(C)(CN=C=O)C1
polyurethane_isocyanate,MYvAV1luS-EoAxwInI9iPQ,[H]-[C]1=[C](-[H])-[C](-[H])=[C](-[C]2=[C](-[H])-[C](-[H])=[C](-[C]3=[C](-[H])-[C](-[C]4=[C](-[H])-[C](-[H])=[C](-[N]5-[C](=[O])-[C]6=[C](-[H])-[C](-[H])=[C](-[N]=[C]=[O])-[C](-[H])=[C]-6-[C]-5=[O])-[C](-[H])=[C]-4-[H])=[C](-[H])-[C](-[C]4=[C](-[H])-[C](-[H])=[C](-[N]5-[C](=[O])-[C]6=[C](-[H])-[C](-[H])=[C](-[N]=[C]=[O])-[C](-[H])=[C]-6-[C]-5=[O])-[C](-[H])=[C]-4-[H])=[C]-3-[H])-[C](-[H])=[C]-2-[H])-[C](-[H])=[C]-1-[H].[H]-[O]-[C]1=[C](-[H])-[C](-[H])=[C](-[H])-[C](-[O]-[H])=[C]-1-[H],O=C=Nc1ccc2c(c1)C(=O)N(c1ccc(-c3cc(-c4ccc(-c5ccccc5)cc4)cc(-c4ccc(N5C(=O)c6ccc(N=C=O)cc6C5=O)cc4)c3)cc1)C2=O.Oc1cccc(O)c1,"[None, 'benzene-1,3-diol']",[#8:1]=[#6:2]=[#7:3]-[*:4].[#8:5](-[*:6])-[#1:7]>>[#8:1]=[#6:2](-[#7:3](-[*:4])-[#1:7])-[#8:5]-[*:6],urethane,Oc1cccc(O)c1.O=C=Nc1ccc2c(c1)C(=O)N(c1ccc(-c3cc(-c4ccc(-c5ccccc5)cc4)cc(-c4ccc(N5C(=O)c6ccc(N=C=O)cc6C5=O)cc4)c3)cc1)C2=O
polyurethane_isocyanate,kc4Q2LB8Tt2N649GzQyCWg,[H]-[C](-[H])(-[H])-[C]1(-[C](-[H])(-[H])-[H])-[C](-[H])(-[H])-[C](-[H])(-[N]=[C]=[O])-[C](-[H])(-[H])-[C](-[C](-[H])(-[H])-[H])(-[C](-[H])(-[H])-[N]=[C]=[O])-[C]-1(-[H])-[H].[H]-[O]-[C](-[H])(-[H])-[C](-[H])(-[H])-[C](-[H])(-[H])-[C](-[H])(-[H])-[O]-[H],CC1(C)CC(N=C=O)CC(C)(CN=C=O)C1.OCCCCO,"['5-Isocyanato-1-(isocyanatomethyl)-1,3,3-trimethylcyclohexane', 'Butane-1,4-diol']",[#8:1]=[#6:2]=[#7:3]-[*:4].[#8:5](-[*:6])-[#1:7]>>[#8:1]=[#6:2](-[#7:3](-[*:4])-[#1:7])-[#8:5]-[*:6],urethane,OCCCCO.CC1(C)CC(N=C=O)CC(C)(CN=C=O)C1
polyurethane_isocyanate,Wr3tuyBO74SFkqssZtJ9bg,[H]-[C](-[H])(-[N]=[C]=[O])-[C](-[H])(-[H])-[C](-[H])(-[H])-[C](-[H])(-[H])-[C](-[H])(-[H])-[C](-[H])(-[H])-[C](-[H])(-[H])-[C](-[H])(-[H])-[C](-[H])(-[H])-[C](-[H])(-[H])-[C](-[H])(-[H])-[C](-[H])(-[H])-[C](-[H])(-[H])-[C](-[H])(-[H])-[C](-[H])(-[H])-[C](-[H])(-[H])-[C](-[H])(-[H])-[C](-[H])(-[H])-[N]=[C]=[O].[H]-[O]-[C](-[H])(-[H])-[C](-[H])(-[H])-[C](-[H])(-[H])-[C](-[H])(-[H])-[C](-[H])(-[H])-[C](-[H])(-[H])-[C](-[H])(-[H])-[C](-[H])(-[H])-[C](-[H])(-[H])-[C](-[H])(-[H])-[O]-[H],O=C=NCCCCCCCCCCCCCCCCCCN=C=O.OCCCCCCCCCCO,"['1,18-diisocyanatooctadecane', 'Decane-1,10-diol']",[#8:1]=[#6:2]=[#7:3]-[*:4].[#8:5](-[*:6])-[#1:7]>>[#8:1]=[#6:2](-[#7:3](-[*:4])-[#1:7])-[#8:5]-[*:6],urethane,OCCCCCCCCCCO.O=C=NCCCCCCCCCCCCCCCCCCN=C=O
polyurethane_isocyanate,i9gzM5SfQ9qZPgfa-gtq8A,[H]-[C]1=[C](-[H])-[C](-[H])=[C](-[C]2=[C](-[H])-[C](-[H])=[C](-[C]3=[C](-[H])-[C](-[C]4=[C](-[H])-[C](-[H])=[C](-[N]5-[C](=[O])-[C]6=[C](-[H])-[C](-[H])=[C](-[N]=[C]=[O])-[C](-[H])=[C]-6-[C]-5=[O])-[C](-[H])=[C]-4-[H])=[C](-[H])-[C](-[C]4=[C](-[H])-[C](-[H])=[C](-[N]5-[C](=[O])-[C]6=[C](-[H])-[C](-[H])=[C](-[N]=[C]=[O])-[C](-[H])=[C]-6-[C]-5=[O])-[C](-[H])=[C]-4-[H])=[C]-3-[H])-[C](-[H])=[C]-2-[H])-[C](-[H])=[C]-1-[H].[H]-[O]-[C]1=[C](-[H])-[C](-[H])=[C]2-[C](-[H])=[C](-[H])-[C](-[H])=[C](-[H])-[C]-2=[C]-1-[C]1=[C](-[O]-[H])-[C](-[H])=[C](-[H])-[C]2=[C](-[H])-[C](-[H])=[C](-[H])-[C](-[H])=[C]-1-2,O=C=Nc1ccc2c(c1)C(=O)N(c1ccc(-c3cc(-c4ccc(-c5ccccc5)cc4)cc(-c4ccc(N5C(=O)c6ccc(N=C=O)cc6C5=O)cc4)c3)cc1)C2=O.Oc1ccc2ccccc2c1-c1c(O)ccc2ccccc12,"[None, '1-(2-hydroxynaphthalen-1-yl)naphthalen-2-ol']",[#8:1]=[#6:2]=[#7:3]-[*:4].[#8:5](-[*:6])-[#1:7]>>[#8:1]=[#6:2](-[#7:3](-[*:4])-[#1:7])-[#8:5]-[*:6],urethane,Oc1ccc2ccccc2c1-c1c(O)ccc2ccccc12.O=C=Nc1ccc2c(c1)C(=O)N(c1ccc(-c3cc(-c4ccc(-c5ccccc5)cc4)cc(-c4ccc(N5C(=O)c6ccc(N=C=O)cc6C5=O)cc4)c3)cc1)C2=O
polyurethane_isocyanate,ZUeiAMfdqHz6jI0rYVOiNA,[H]-[C]1=[C](-[H])-[C](-[H])=[C](-[P](=[O])(-[C]2=[C](-[H])-[C](-[H])=[C](-[N]3-[C](=[O])-[C]4=[C](-[H])-[C](-[H])=[C](-[N]=[C]=[O])-[C](-[H])=[C]-4-[C]-3=[O])-[C](-[H])=[C]-2-[H])-[C]2=[C](-[H])-[C](-[H])=[C](-[N]3-[C](=[O])-[C]4=[C](-[H])-[C](-[H])=[C](-[N]=[C]=[O])-[C](-[H])=[C]-4-[C]-3=[O])-[C](-[H])=[C]-2-[H])-[C](-[H])=[C]-1-[H].[H]-[O]-[C](-[H])(-[H])-[C](-[H])(-[H])-[O]-[C]1=[C](-[H])-[C](-[H])=[C](-[P](=[O])(-[C]2=[C](-[H])-[C](-[H])=[C](-[H])-[C](-[H])=[C]-2-[H])-[C]2=[C](-[H])-[C](-[H])=[C](-[O]-[C](-[H])(-[H])-[C](-[H])(-[H])-[O]-[H])-[C](-[H])=[C]-2-[H])-[C](-[H])=[C]-1-[H],O=C=Nc1ccc2c(c1)C(=O)N(c1ccc(P(=O)(c3ccccc3)c3ccc(N4C(=O)c5ccc(N=C=O)cc5C4=O)cc3)cc1)C2=O.O=P(c1ccccc1)(c1ccc(OCCO)cc1)c1ccc(OCCO)cc1,"[None, '2-[4-[[4-(2-hydroxyethoxy)phenyl]-phenylphosphoryl]phenoxy]ethanol']",[#8:1]=[#6:2]=[#7:3]-[*:4].[#8:5](-[*:6])-[#1:7]>>[#8:1]=[#6:2](-[#7:3](-[*:4])-[#1:7])-[#8:5]-[*:6],urethane,O=P(c1ccccc1)(c1ccc(OCCO)cc1)c1ccc(OCCO)cc1.O=C=Nc1ccc2c(c1)C(=O)N(c1ccc(P(=O)(c3ccccc3)c3ccc(N4C(=O)c5ccc(N=C=O)cc5C4=O)cc3)cc1)C2=O
polyurethane_isocyanate,tN3U2b8oLMCMTT0QjKSq7Q,[H]-[C](-[H])(-[N]=[C]=[O])-[C](-[H])(-[H])-[C](-[H])(-[H])-[C](-[H])(-[H])-[N]=[C]=[O].[H]-[O]-[C](-[H])(-[H])-[C]1=[C](-[H])-[C](-[H])=[C](-[H])-[C](-[C](-[H])(-[H])-[O]-[H])=[N]-1,O=C=NCCCCN=C=O.OCc1cccc(CO)n1,"['1,4-diisocyanatobutane', '[6-(hydroxymethyl)pyridin-2-yl]methanol']",[#8:1]=[#6:2]=[#7:3]-[*:4].[#8:5](-[*:6])-[#1:7]>>[#8:1]=[#6:2](-[#7:3](-[*:4])-[#1:7])-[#8:5]-[*:6],urethane,OCc1cccc(CO)n1.O=C=NCCCCN=C=O
polyurethane_isocyanate,XVtyC-VP-JBCvoRS_aK9HA,[H]-[C](-[H])(-[N]=[C]=[O])-[C](-[H])(-[H])-[C](-[H])(-[H])-[C](-[H])(-[H])-[C](-[H])(-[H])-[C](-[H])(-[H])-[N]=[C]=[O].[H]-[O]-[C](-[H])(-[H])-[C](-[H])(-[H])-[O]-[C](-[H])(-[H])-[C](-[H])(-[H])-[O]-[C](-[H])(-[H])-[C](-[H])(-[H])-[O]-[C](-[H])(-[H])-[C](-[H])(-[H])-[O]-[H],O=C=NCCCCCCN=C=O.OCCOCCOCCOCCO,"['1,6-Diisocyanatohexane', '2-[2-[2-(2-hydroxyethoxy)ethoxy]ethoxy]ethanol']",[#8:1]=[#6:2]=[#7:3]-[*:4].[#8:5](-[*:6])-[#1:7]>>[#8:1]=[#6:2](-[#7:3](-[*:4])-[#1:7])-[#8:5]-[*:6],urethane,O=C=NCCCCCCN=C=O.OCCOCCOCCOCCO
polyurethane_isocyanate,43IKjoHK6YPDXxJatdh9XQ,[H]-[C]1=[C](-[H])-[C](-[H])=[C](-[C]2=[C](-[H])-[C](-[H])=[C](-[C]3=[C](-[H])-[C](-[C]4=[C](-[H])-[C](-[H])=[C](-[N]5-[C](=[O])-[C]6=[C](-[H])-[C](-[H])=[C](-[N]=[C]=[O])-[C](-[H])=[C]-6-[C]-5=[O])-[C](-[H])=[C]-4-[H])=[C](-[H])-[C](-[C]4=[C](-[H])-[C](-[H])=[C](-[N]5-[C](=[O])-[C]6=[C](-[H])-[C](-[H])=[C](-[N]=[C]=[O])-[C](-[H])=[C]-6-[C]-5=[O])-[C](-[H])=[C]-4-[H])=[C]-3-[H])-[C](-[H])=[C]-2-[H])-[C](-[H])=[C]-1-[H].[H]-[O]-[C]1=[C](-[H])-[C](-[H])=[C](-[C]2=[C](-[H])-[C](-[H])=[C](-[O]-[H])-[C](-[H])=[C]-2-[H])-[C](-[H])=[C]-1-[H],O=C=Nc1ccc2c(c1)C(=O)N(c1ccc(-c3cc(-c4ccc(-c5ccccc5)cc4)cc(-c4ccc(N5C(=O)c6ccc(N=C=O)cc6C5=O)cc4)c3)cc1)C2=O.Oc1ccc(-c2ccc(O)cc2)cc1,"[None, '4-(4-hydroxyphenyl)phenol']",[#8:1]=[#6:2]=[#7:3]-[*:4].[#8:5](-[*:6])-[#1:7]>>[#8:1]=[#6:2](-[#7:3](-[*:4])-[#1:7])-[#8:5]-[*:6],urethane,Oc1ccc(-c2ccc(O)cc2)cc1.O=C=Nc1ccc2c(c1)C(=O)N(c1ccc(-c3cc(-c4ccc(-c5ccccc5)cc4)cc(-c4ccc(N5C(=O)c6ccc(N=C=O)cc6C5=O)cc4)c3)cc1)C2=O
polyurethane_isocyanate,xqLXZvsEaSGATXoOE_uMQA,[H]-[C](-[H])(-[H])-[C]1(-[C](-[H])(-[H])-[H])-[C](-[H])(-[H])-[C](-[H])(-[N]=[C]=[O])-[C](-[H])(-[H])-[C](-[C](-[H])(-[H])-[H])(-[C](-[H])(-[H])-[N]=[C]=[O])-[C]-1(-[H])-[H].[H]-[O]-[C](-[H])(-[H])-[C](-[H])(-[H])-[O]-[H],CC1(C)CC(N=C=O)CC(C)(CN=C=O)C1.OCCO,"['5-Isocyanato-1-(isocyanatomethyl)-1,3,3-trimethylcyclohexane', 'Ethane-1,2-diol']",[#8:1]=[#6:2]=[#7:3]-[*:4].[#8:5](-[*:6])-[#1:7]>>[#8:1]=[#6:2](-[#7:3](-[*:4])-[#1:7])-[#8:5]-[*:6],urethane,OCCO.CC1(C)CC(N=C=O)CC(C)(CN=C=O)C1
polyurethane_isocyanate,7jYIqQ07Pa7Y8hVcc9BZFg,[H]-[C]1=[C](-[N]=[C]=[O])-[C](-[H])=[C]2-[C](=[O])-[N](-[C]3=[C](-[H])-[C](-[H])=[C](-[P](=[O])(-[C]4=[C](-[H])-[C](-[H])=[C](-[N]5-[C](=[O])-[C]6=[C](-[H])-[C](-[H])=[C](-[N]=[C]=[O])-[C](-[H])=[C]-6-[C]-5=[O])-[C](-[H])=[C]-4-[H])-[C](-[H])(-[H])-[H])-[C](-[H])=[C]-3-[H])-[C](=[O])-[C]-2=[C]-1-[H].[H]-[O]-[C](-[H])(-[H])-[C](-[H])(-[H])-[O]-[C]1=[C](-[H])-[C](-[H])=[C](-[C](-[C]2=[C](-[H])-[C](-[H])=[C](-[O]-[C](-[H])(-[H])-[C](-[H])(-[H])-[O]-[H])-[C](-[H])=[C]-2-[H])(-[C](-[H])(-[H])-[H])-[C](-[H])(-[H])-[H])-[C](-[H])=[C]-1-[H],CC(C)(c1ccc(OCCO)cc1)c1ccc(OCCO)cc1.CP(=O)(c1ccc(N2C(=O)c3ccc(N=C=O)cc3C2=O)cc1)c1ccc(N2C(=O)c3ccc(N=C=O)cc3C2=O)cc1,"[None, '2-[4-[2-[4-(2-hydroxyethoxy)phenyl]propan-2-yl]phenoxy]ethanol']",[#8:1]=[#6:2]=[#7:3]-[*:4].[#8:5](-[*:6])-[#1:7]>>[#8:1]=[#6:2](-[#7:3](-[*:4])-[#1:7])-[#8:5]-[*:6],urethane,CC(C)(c1ccc(OCCO)cc1)c1ccc(OCCO)cc1.CP(=O)(c1ccc(N2C(=O)c3ccc(N=C=O)cc3C2=O)cc1)c1ccc(N2C(=O)c3ccc(N=C=O)cc3C2=O)cc1
polyurethane_isocyanate,-YnEzea4gqjQvBQ5p2cQGA,[H]-[C]1=[C](-[N]=[C]=[O])-[C](-[H])=[C](-[H])-[C](-[C](-[H])(-[H])-[C]2=[C](-[H])-[C](-[H])=[C](-[N]=[C]=[O])-[C](-[H])=[C]-2-[H])=[C]-1-[H].[H]-[O]-[C](-[H])(-[H])-[C](-[H])(-[H])-[N](-[C]1=[C](-[H])-[C](-[H])=[C](-[N]=[N]-[C]2=[C](-[H])-[C](-[H])=[C](-[N+](=[O])-[O-])-[C](-[H])=[C]-2-[H])-[C](-[H])=[C]-1-[H])-[C](-[H])(-[H])-[C](-[H])(-[H])-[O]-[H],O=C=Nc1ccc(Cc2ccc(N=C=O)cc2)cc1.O=[N+]([O-])c1ccc(N=Nc2ccc(N(CCO)CCO)cc2)cc1,"['1-isocyanato-4-[(4-isocyanatophenyl)methyl]benzene', '2-[2-hydroxyethyl-[4-(4-nitrophenyl)diazenylphenyl]amino]ethanol']",[#8:1]=[#6:2]=[#7:3]-[*:4].[#8:5](-[*:6])-[#1:7]>>[#8:1]=[#6:2](-[#7:3](-[*:4])-[#1:7])-[#8:5]-[*:6],urethane,O=C=Nc1ccc(Cc2ccc(N=C=O)cc2)cc1.O=[N+]([O-])c1ccc(N=Nc2ccc(N(CCO)CCO)cc2)cc1
polyurethane_isocyanate,wSThw720F1W-ROsYg9WxxA,[H]-[C]1=[C](-[N]=[C]=[O])-[C](-[H])=[C](-[H])-[C](-[C](-[H])(-[H])-[C]2=[C](-[H])-[C](-[H])=[C](-[N]=[C]=[O])-[C](-[H])=[C]-2-[H])=[C]-1-[H].[H]-[O]-[C](-[H])(-[H])-[C](-[H])(-[H])-[C](-[H])(-[H])-[C](-[H])(-[H])-[O]-[H],O=C=Nc1ccc(Cc2ccc(N=C=O)cc2)cc1.OCCCCO,"['1-isocyanato-4-[(4-isocyanatophenyl)methyl]benzene', 'Butane-1,4-diol']",[#8:1]=[#6:2]=[#7:3]-[*:4].[#8:5](-[*:6])-[#1:7]>>[#8:1]=[#6:2](-[#7:3](-[*:4])-[#1:7])-[#8:5]-[*:6],urethane,OCCCCO.O=C=Nc1ccc(Cc2ccc(N=C=O)cc2)cc1
polyurethane_isocyanate,4F6JfAb-qjOAbwWVjWES7Q,[H]-[C]1=[C](-[N]=[C]=[O])-[C](-[H])=[C]2-[C](=[O])-[N](-[C]3=[C](-[H])-[C](-[H])=[C](-[P](=[O])(-[C]4=[C](-[H])-[C](-[H])=[C](-[N]5-[C](=[O])-[C]6=[C](-[H])-[C](-[H])=[C](-[N]=[C]=[O])-[C](-[H])=[C]-6-[C]-5=[O])-[C](-[H])=[C]-4-[H])-[C](-[H])(-[H])-[H])-[C](-[H])=[C]-3-[H])-[C](=[O])-[C]-2=[C]-1-[H].[H]-[O]-[C](-[H])(-[H])-[C](-[H])(-[H])-[O]-[C]1=[C](-[H])-[C](-[H])=[C](-[C](-[C]2=[C](-[H])-[C](-[H])=[C](-[O]-[C](-[H])(-[H])-[C](-[H])(-[H])-[O]-[H])-[C](-[H])=[C]-2-[H])(-[C](-[F])(-[F])-[F])-[C](-[F])(-[F])-[F])-[C](-[H])=[C]-1-[H],CP(=O)(c1ccc(N2C(=O)c3ccc(N=C=O)cc3C2=O)cc1)c1ccc(N2C(=O)c3ccc(N=C=O)cc3C2=O)cc1.OCCOc1ccc(C(c2ccc(OCCO)cc2)(C(F)(F)F)C(F)(F)F)cc1,"[None, '2-[4-[1,1,1,3,3,3-hexafluoro-2-[4-(2-hydroxyethoxy)phenyl]propan-2-yl]phenoxy]ethanol']",[#8:1]=[#6:2]=[#7:3]-[*:4].[#8:5](-[*:6])-[#1:7]>>[#8:1]=[#6:2](-[#7:3](-[*:4])-[#1:7])-[#8:5]-[*:6],urethane,OCCOc1ccc(C(c2ccc(OCCO)cc2)(C(F)(F)F)C(F)(F)F)cc1.CP(=O)(c1ccc(N2C(=O)c3ccc(N=C=O)cc3C2=O)cc1)c1ccc(N2C(=O)c3ccc(N=C=O)cc3C2=O)cc1
polyurethane_isocyanate,V7HG1EcxK7mdJz93e6coYA,[H]-[C](-[H])(-[N]=[C]=[O])-[C](-[H])(-[H])-[C](-[H])(-[H])-[C](-[H])(-[H])-[N]=[C]=[O].[H]-[O]-[C](-[H])(-[H])-[C](-[C](-[H])(-[H])-[H])(-[C](-[H])(-[H])-[O]-[C](-[H])(-[H])-[C](-[C](-[H])(-[H])-[H])(-[C](-[H])(-[H])-[O]-[H])-[C](-[H])(-[H])-[N](-[C](-[H])(-[H])-[H])-[C](-[H])(-[H])-[H])-[C](-[H])(-[H])-[N](-[C](-[H])(-[H])-[H])-[C](-[H])(-[H])-[H],CN(C)CC(C)(CO)COCC(C)(CO)CN(C)C.O=C=NCCCCN=C=O,"['1,4-diisocyanatobutane', None]",[#8:1]=[#6:2]=[#7:3]-[*:4].[#8:5](-[*:6])-[#1:7]>>[#8:1]=[#6:2](-[#7:3](-[*:4])-[#1:7])-[#8:5]-[*:6],urethane,O=C=NCCCCN=C=O.CN(C)CC(C)(CO)COCC(C)(CO)CN(C)C
polyurethane_isocyanate,d6spAxG90RZbp2i79ZMBCw,[H]-[C](-[H])(-[H])-[C]1(-[C](-[H])(-[H])-[H])-[C](-[H])(-[H])-[C](-[H])(-[N]=[C]=[O])-[C](-[H])(-[H])-[C](-[C](-[H])(-[H])-[H])(-[C](-[H])(-[H])-[N]=[C]=[O])-[C]-1(-[H])-[H].[H]-[O]-[C](-[H])(-[H])-[C](-[H])(-[H])-[C](-[H])(-[H])-[O]-[H],CC1(C)CC(N=C=O)CC(C)(CN=C=O)C1.OCCCO,"['5-Isocyanato-1-(isocyanatomethyl)-1,3,3-trimethylcyclohexane', 'Propane-1,3-diol']",[#8:1]=[#6:2]=[#7:3]-[*:4].[#8:5](-[*:6])-[#1:7]>>[#8:1]=[#6:2](-[#7:3](-[*:4])-[#1:7])-[#8:5]-[*:6],urethane,OCCCO.CC1(C)CC(N=C=O)CC(C)(CN=C=O)C1
polyurethane_isocyanate,2D7LwRn5qmyfm5lKkfve-Q,[H]-[C](-[H])(-[N]=[C]=[O])-[C](-[H])(-[H])-[C](-[H])(-[H])-[C](-[H])(-[H])-[C](-[H])(-[H])-[C](-[H])(-[H])-[N]=[C]=[O].[H]-[O]-[C](-[H])(-[H])-[C](-[H])(-[H])-[C](-[H])(-[H])-[O]-[H],O=C=NCCCCCCN=C=O.OCCCO,"['1,6-Diisocyanatohexane', 'Propane-1,3-diol']",[#8:1]=[#6:2]=[#7:3]-[*:4].[#8:5](-[*:6])-[#1:7]>>[#8:1]=[#6:2](-[#7:3](-[*:4])-[#1:7])-[#8:5]-[*:6],urethane,OCCCO.O=C=NCCCCCCN=C=O
polyurethane_isocyanate,eKQ8556FzkXC1qmzeBr__A,[H]-[C](-[H])(-[N]=[C]=[O])-[C](-[H])(-[H])-[C](-[H])(-[H])-[C](-[H])(-[H])-[C](-[H])(-[H])-[C](-[H])(-[H])-[C](-[H])(-[H])-[C](-[H])(-[H])-[C](-[H])(-[H])-[C](-[H])(-[H])-[N]=[C]=[O].[H]-[O]-[C](-[H])(-[H])-[C](-[H])(-[H])-[C](-[H])(-[H])-[C](-[H])(-[H])-[C](-[H])(-[H])-[C](-[H])(-[H])-[C](-[H])(-[H])-[C](-[H])(-[H])-[C](-[H])(-[H])-[C](-[H])(-[H])-[O]-[H],O=C=NCCCCCCCCCCN=C=O.OCCCCCCCCCCO,"['1,10-diisocyanatodecane', 'Decane-1,10-diol']",[#8:1]=[#6:2]=[#7:3]-[*:4].[#8:5](-[*:6])-[#1:7]>>[#8:1]=[#6:2](-[#7:3](-[*:4])-[#1:7])-[#8:5]-[*:6],urethane,OCCCCCCCCCCO.O=C=NCCCCCCCCCCN=C=O
polyurethane_isocyanate,zgzlspFvf6tS9-KKKe0XWw,[H]-[C]1=[C](-[N]=[C]=[O])-[C](-[H])=[C](-[H])-[C](-[C](-[H])(-[H])-[C]2=[C](-[H])-[C](-[H])=[C](-[N]=[C]=[O])-[C](-[H])=[C]-2-[H])=[C]-1-[H].[H]-[O]-[C](-[H])(-[H])-[C]1=[C](-[H])-[C](-[H])=[C](-[H])-[C](-[C](-[H])(-[H])-[O]-[H])=[N]-1,O=C=Nc1ccc(Cc2ccc(N=C=O)cc2)cc1.OCc1cccc(CO)n1,"['1-isocyanato-4-[(4-isocyanatophenyl)methyl]benzene', '[6-(hydroxymethyl)pyridin-2-yl]methanol']",[#8:1]=[#6:2]=[#7:3]-[*:4].[#8:5](-[*:6])-[#1:7]>>[#8:1]=[#6:2](-[#7:3](-[*:4])-[#1:7])-[#8:5]-[*:6],urethane,OCc1cccc(CO)n1.O=C=Nc1ccc(Cc2ccc(N=C=O)cc2)cc1
polyurethane_isocyanate,Z8CQrAchQzLSn9ySn17Ylw,[H]-[C](-[H])(-[N]=[C]=[O])-[C]1(-[H])-[C](-[H])(-[H])-[C](-[H])(-[H])-[C](-[H])(-[H])-[C](-[H])(-[C](-[H])(-[H])-[N]=[C]=[O])-[C]-1(-[H])-[H].[H]-[O]-[C](-[H])(-[H])-[C]1(-[H])-[C](-[H])(-[H])-[C]2(-[H])-[C]3(-[H])-[C](-[H])(-[H])-[C](-[H])(-[C](-[H])(-[H])-[O]-[H])-[C](-[H])(-[C]-3(-[H])-[H])-[C]-2(-[H])-[C]-1(-[H])-[H],O=C=NCC1CCCC(CN=C=O)C1.OCC1CC2C3CC(CO)C(C3)C2C1,"['1,3-Bis(isocyanatomethyl)cyclohexane', '[8-(hydroxymethyl)-4-tricyclo[5.2.1.02,6]decanyl]methanol']",[#8:1]=[#6:2]=[#7:3]-[*:4].[#8:5](-[*:6])-[#1:7]>>[#8:1]=[#6:2](-[#7:3](-[*:4])-[#1:7])-[#8:5]-[*:6],urethane,O=C=NCC1CCCC(CN=C=O)C1.OCC1CC2C3CC(CO)C(C3)C2C1
polyurethane_isocyanate,Btoist8oQ5uqBjusfKptow,[H]-[C](-[H])(-[N]=[C]=[O])-[C](-[H])(-[H])-[C](-[H])(-[H])-[C](-[H])(-[H])-[C](-[H])(-[H])-[C](-[H])(-[H])-[N]=[C]=[O].[H]-[O]-[C](-[H])(-[H])-[C]1(-[H])-[C](-[H])(-[H])-[C](-[H])(-[H])-[C](-[H])(-[C](-[H])(-[H])-[O]-[H])-[C](-[H])(-[H])-[C]-1(-[H])-[H],O=C=NCCCCCCN=C=O.OCC1CCC(CO)CC1,"['1,6-Diisocyanatohexane', '[4-(hydroxymethyl)cyclohexyl]methanol']",[#8:1]=[#6:2]=[#7:3]-[*:4].[#8:5](-[*:6])-[#1:7]>>[#8:1]=[#6:2](-[#7:3](-[*:4])-[#1:7])-[#8:5]-[*:6],urethane,OCC1CCC(CO)CC1.O=C=NCCCCCCN=C=O
polyurethane_isocyanate,9DxJz6msIebY8XXXKXbZ-A,[H]-[C]1=[C](-[H])-[C](-[H])=[C](-[P](=[O])(-[C]2=[C](-[H])-[C](-[H])=[C](-[N]3-[C](=[O])-[C]4=[C](-[H])-[C](-[H])=[C](-[N]=[C]=[O])-[C](-[H])=[C]-4-[C]-3=[O])-[C](-[H])=[C]-2-[H])-[C]2=[C](-[H])-[C](-[H])=[C](-[N]3-[C](=[O])-[C]4=[C](-[H])-[C](-[H])=[C](-[N]=[C]=[O])-[C](-[H])=[C]-4-[C]-3=[O])-[C](-[H])=[C]-2-[H])-[C](-[H])=[C]-1-[H].[H]-[O]-[C](-[H])(-[H])-[C](-[H])(-[H])-[O]-[C]1=[C](-[H])-[C](-[H])=[C](-[C](-[C]2=[C](-[H])-[C](-[H])=[C](-[O]-[C](-[H])(-[H])-[C](-[H])(-[H])-[O]-[H])-[C](-[H])=[C]-2-[H])(-[C](-[H])(-[H])-[H])-[C](-[H])(-[H])-[H])-[C](-[H])=[C]-1-[H],CC(C)(c1ccc(OCCO)cc1)c1ccc(OCCO)cc1.O=C=Nc1ccc2c(c1)C(=O)N(c1ccc(P(=O)(c3ccccc3)c3ccc(N4C(=O)c5ccc(N=C=O)cc5C4=O)cc3)cc1)C2=O,"[None, '2-[4-[2-[4-(2-hydroxyethoxy)phenyl]propan-2-yl]phenoxy]ethanol']",[#8:1]=[#6:2]=[#7:3]-[*:4].[#8:5](-[*:6])-[#1:7]>>[#8:1]=[#6:2](-[#7:3](-[*:4])-[#1:7])-[#8:5]-[*:6],urethane,CC(C)(c1ccc(OCCO)cc1)c1ccc(OCCO)cc1.O=C=Nc1ccc2c(c1)C(=O)N(c1ccc(P(=O)(c3ccccc3)c3ccc(N4C(=O)c5ccc(N=C=O)cc5C4=O)cc3)cc1)C2=O
polyurethane_isocyanate,zccqGyzfKaUFRCgL-m6txA,[H]-[C]1(-[H])-[C](-[H])(-[H])-[C](-[H])(-[N]=[C]=[O])-[C](-[H])(-[H])-[C](-[H])(-[H])-[C]-1(-[H])-[N]=[C]=[O].[H]-[O]-[C](-[H])(-[H])-[C]1(-[H])-[C](-[H])(-[H])-[C](-[H])(-[H])-[C](-[H])(-[C](-[H])(-[H])-[O]-[H])-[C](-[H])(-[H])-[C]-1(-[H])-[H],O=C=NC1CCC(N=C=O)CC1.OCC1CCC(CO)CC1,"['1,4-Diisocyanatocyclohexane', '[4-(hydroxymethyl)cyclohexyl]methanol']",[#8:1]=[#6:2]=[#7:3]-[*:4].[#8:5](-[*:6])-[#1:7]>>[#8:1]=[#6:2](-[#7:3](-[*:4])-[#1:7])-[#8:5]-[*:6],urethane,OCC1CCC(CO)CC1.O=C=NC1CCC(N=C=O)CC1
polyurethane_isocyanate,byowRTluHEPV32Nc5b30vw,[H]-[C](-[H])(-[N]=[C]=[O])-[C]1(-[H])-[C](-[H])(-[H])-[C](-[H])(-[H])-[C](-[H])(-[H])-[C](-[H])(-[C](-[H])(-[H])-[N]=[C]=[O])-[C]-1(-[H])-[H].[H]-[O]-[C](-[H])(-[H])-[C](-[H])(-[H])-[C](-[H])(-[H])-[C](-[H])(-[H])-[O]-[H],O=C=NCC1CCCC(CN=C=O)C1.OCCCCO,"['1,3-Bis(isocyanatomethyl)cyclohexane', 'Butane-1,4-diol']",[#8:1]=[#6:2]=[#7:3]-[*:4].[#8:5](-[*:6])-[#1:7]>>[#8:1]=[#6:2](-[#7:3](-[*:4])-[#1:7])-[#8:5]-[*:6],urethane,OCCCCO.O=C=NCC1CCCC(CN=C=O)C1
polyurethane_isocyanate,s1bPIDKjruHH4ROxJABo1A,[H]-[C](-[H])(-[N]=[C]=[O])-[C](-[H])(-[H])-[C](-[H])(-[H])-[C](-[H])(-[H])-[C](-[H])(-[H])-[C](-[H])(-[H])-[C](-[H])(-[H])-[C](-[H])(-[H])-[C](-[H])(-[H])-[C](-[H])(-[H])-[C](-[H])(-[H])-[C](-[H])(-[H])-[C](-[H])(-[H])-[C](-[H])(-[H])-[C](-[H])(-[H])-[C](-[H])(-[H])-[C](-[H])(-[H])-[C](-[H])(-[H])-[N]=[C]=[O].[H]-[O]-[C](-[H])(-[H])-[C](-[H])(-[H])-[C](-[H])(-[H])-[C](-[H])(-[H])-[C](-[H])(-[H])-[C](-[H])(-[H])-[C](-[H])(-[H])-[C](-[H])(-[H])-[C](-[H])(-[H])-[C](-[H])(-[H])-[C](-[H])(-[H])-[C](-[H])(-[H])-[C](-[H])(-[H])-[C](-[H])(-[H])-[C](-[H])(-[H])-[C](-[H])(-[H])-[C](-[H])(-[H])-[C](-[H])(-[H])-[C](-[H])(-[H])-[C](-[H])(-[H])-[O]-[H],O=C=NCCCCCCCCCCCCCCCCCCN=C=O.OCCCCCCCCCCCCCCCCCCCCO,"['1,18-diisocyanatooctadecane', 'icosane-1,20-diol']",[#8:1]=[#6:2]=[#7:3]-[*:4].[#8:5](-[*:6])-[#1:7]>>[#8:1]=[#6:2](-[#7:3](-[*:4])-[#1:7])-[#8:5]-[*:6],urethane,OCCCCCCCCCCCCCCCCCCCCO.O=C=NCCCCCCCCCCCCCCCCCCN=C=O
polyurethane_isocyanate,fIikw7cPn2rnRii_OteDeg,[H]-[C]1=[C](-[H])-[C](-[H])=[C](-[C]2=[C](-[H])-[C](-[H])=[C](-[C]3=[C](-[H])-[C](-[C]4=[C](-[H])-[C](-[H])=[C](-[N]5-[C](=[O])-[C]6=[C](-[H])-[C](-[H])=[C](-[N]=[C]=[O])-[C](-[H])=[C]-6-[C]-5=[O])-[C](-[H])=[C]-4-[H])=[N]-[C](-[C]4=[C](-[H])-[C](-[H])=[C](-[N]5-[C](=[O])-[C]6=[C](-[H])-[C](-[H])=[C](-[N]=[C]=[O])-[C](-[H])=[C]-6-[C]-5=[O])-[C](-[H])=[C]-4-[H])=[C]-3-[H])-[C](-[H])=[C]-2-[H])-[C](-[H])=[C]-1-[H].[H]-[O]-[C]1=[C](-[H])-[C](-[H])=[C](-[H])-[C](-[O]-[H])=[C]-1-[H],O=C=Nc1ccc2c(c1)C(=O)N(c1ccc(-c3cc(-c4ccc(-c5ccccc5)cc4)cc(-c4ccc(N5C(=O)c6ccc(N=C=O)cc6C5=O)cc4)n3)cc1)C2=O.Oc1cccc(O)c1,"['5-isocyanato-2-[4-[6-[4-(5-isocyanato-1,3-dioxoisoindol-2-yl)phenyl]-4-(4-phenylphenyl)pyridin-2-yl]phenyl]isoindole-1,3-dione', 'benzene-1,3-diol']",[#8:1]=[#6:2]=[#7:3]-[*:4].[#8:5](-[*:6])-[#1:7]>>[#8:1]=[#6:2](-[#7:3](-[*:4])-[#1:7])-[#8:5]-[*:6],urethane,Oc1cccc(O)c1.O=C=Nc1ccc2c(c1)C(=O)N(c1ccc(-c3cc(-c4ccc(-c5ccccc5)cc4)cc(-c4ccc(N5C(=O)c6ccc(N=C=O)cc6C5=O)cc4)n3)cc1)C2=O
polyurethane_isocyanate,rUPDUaUvM0kTfypMTc7JWg,[H]-[C](-[H])(-[H])-[C]1(-[C](-[H])(-[H])-[H])-[C](-[H])(-[H])-[C](-[H])(-[N]=[C]=[O])-[C](-[H])(-[H])-[C](-[C](-[H])(-[H])-[H])(-[C](-[H])(-[H])-[N]=[C]=[O])-[C]-1(-[H])-[H].[H]-[O]-[C](-[H])(-[H])-[C]1(-[H])-[C](-[H])(-[H])-[C]2(-[H])-[C]3(-[H])-[C](-[H])(-[H])-[C](-[H])(-[C](-[H])(-[H])-[O]-[H])-[C](-[H])(-[C]-3(-[H])-[H])-[C]-2(-[H])-[C]-1(-[H])-[H],CC1(C)CC(N=C=O)CC(C)(CN=C=O)C1.OCC1CC2C3CC(CO)C(C3)C2C1,"['5-Isocyanato-1-(isocyanatomethyl)-1,3,3-trimethylcyclohexane', '[8-(hydroxymethyl)-4-tricyclo[5.2.1.02,6]decanyl]methanol']",[#8:1]=[#6:2]=[#7:3]-[*:4].[#8:5](-[*:6])-[#1:7]>>[#8:1]=[#6:2](-[#7:3](-[*:4])-[#1:7])-[#8:5]-[*:6],urethane,OCC1CC2C3CC(CO)C(C3)C2C1.CC1(C)CC(N=C=O)CC(C)(CN=C=O)C1
polyurethane_isocyanate,mVpjh_zYHHn1JXIMhX5aCg,[H]-[C]1=[C](-[N]=[C]=[O])-[C](-[H])=[C](-[H])-[C](-[C](-[H])(-[H])-[C]2=[C](-[H])-[C](-[H])=[C](-[N]=[C]=[O])-[C](-[H])=[C]-2-[H])=[C]-1-[H].[H]-[O]-[C]1=[C](-[H])-[C](-[H])=[C](-[N]=[C](-[H])-[C]2=[C](-[H])-[C](-[H])=[C](-[C](-[H])=[N]-[C]3=[C](-[H])-[C](-[H])=[C](-[O]-[H])-[C](-[H])=[C]-3-[H])-[C](-[H])=[C]-2-[H])-[C](-[H])=[C]-1-[H],O=C=Nc1ccc(Cc2ccc(N=C=O)cc2)cc1.Oc1ccc(N=Cc2ccc(C=Nc3ccc(O)cc3)cc2)cc1,"['1-isocyanato-4-[(4-isocyanatophenyl)methyl]benzene', '4-[[4-[(4-hydroxyphenyl)iminomethyl]phenyl]methylideneamino]phenol']",[#8:1]=[#6:2]=[#7:3]-[*:4].[#8:5](-[*:6])-[#1:7]>>[#8:1]=[#6:2](-[#7:3](-[*:4])-[#1:7])-[#8:5]-[*:6],urethane,O=C=Nc1ccc(Cc2ccc(N=C=O)cc2)cc1.Oc1ccc(N=Cc2ccc(C=Nc3ccc(O)cc3)cc2)cc1
polyurethane_isocyanate,PlKiTQZ4cOG2kW0UFDeS7g,[H]-[C]1=[C](-[H])-[C](-[H])=[C](-[P](=[O])(-[C]2=[C](-[H])-[C](-[H])=[C](-[N]3-[C](=[O])-[C]4=[C](-[H])-[C](-[H])=[C](-[N]=[C]=[O])-[C](-[H])=[C]-4-[C]-3=[O])-[C](-[H])=[C]-2-[H])-[C]2=[C](-[H])-[C](-[H])=[C](-[N]3-[C](=[O])-[C]4=[C](-[H])-[C](-[H])=[C](-[N]=[C]=[O])-[C](-[H])=[C]-4-[C]-3=[O])-[C](-[H])=[C]-2-[H])-[C](-[H])=[C]-1-[H].[H]-[O]-[C](-[H])(-[H])-[C](-[H])(-[H])-[O]-[C]1=[C](-[Br])-[C](-[H])=[C](-[C](-[C]2=[C](-[H])-[C](-[Br])=[C](-[O]-[C](-[H])(-[H])-[C](-[H])(-[H])-[O]-[H])-[C](-[Br])=[C]-2-[H])(-[C](-[H])(-[H])-[H])-[C](-[H])(-[H])-[H])-[C](-[H])=[C]-1-[Br],CC(C)(c1cc(Br)c(OCCO)c(Br)c1)c1cc(Br)c(OCCO)c(Br)c1.O=C=Nc1ccc2c(c1)C(=O)N(c1ccc(P(=O)(c3ccccc3)c3ccc(N4C(=O)c5ccc(N=C=O)cc5C4=O)cc3)cc1)C2=O,"[None, '2-[2,6-dibromo-4-[2-[3,5-dibromo-4-(2-hydroxyethoxy)phenyl]propan-2-yl]phenoxy]ethanol']",[#8:1]=[#6:2]=[#7:3]-[*:4].[#8:5](-[*:6])-[#1:7]>>[#8:1]=[#6:2](-[#7:3](-[*:4])-[#1:7])-[#8:5]-[*:6],urethane,CC(C)(c1cc(Br)c(OCCO)c(Br)c1)c1cc(Br)c(OCCO)c(Br)c1.O=C=Nc1ccc2c(c1)C(=O)N(c1ccc(P(=O)(c3ccccc3)c3ccc(N4C(=O)c5ccc(N=C=O)cc5C4=O)cc3)cc1)C2=O
polyurethane_isocyanate,DVBza2tsNHOlnbiDPCDvvg,[H]-[C](-[H])(-[N]=[C]=[O])-[C](-[H])(-[H])-[C](-[H])(-[H])-[C](-[H])(-[H])-[C](-[H])(-[H])-[C](-[H])(-[H])-[N]=[C]=[O].[H]-[O]-[C](-[H])(-[H])-[C](-[H])(-[H])-[O]-[C](-[H])(-[H])-[C](-[H])(-[H])-[O]-[H],O=C=NCCCCCCN=C=O.OCCOCCO,"['1,6-Diisocyanatohexane', '2-(2-Hydroxyethoxy)ethanol']",[#8:1]=[#6:2]=[#7:3]-[*:4].[#8:5](-[*:6])-[#1:7]>>[#8:1]=[#6:2](-[#7:3](-[*:4])-[#1:7])-[#8:5]-[*:6],urethane,OCCOCCO.O=C=NCCCCCCN=C=O
polyurethane_isocyanate,KUSH6JdWKCurxqrZ-J0p9g,[H]-[C]1=[C](-[N]=[C]=[O])-[C](-[H])=[C](-[N]=[C]=[O])-[C](-[C](-[H])(-[H])-[H])=[C]-1-[H].[H]-[O]-[C](-[H])(-[H])-[C](-[H])(-[H])-[C](-[H])(-[H])-[C](-[H])(-[H])-[C](-[H])(-[H])-[C](-[H])(-[H])-[O]-[C]1=[C](-[H])-[C](-[H])=[C](-[C]2=[C](-[H])-[C](-[H])=[C](-[O]-[C](-[H])(-[H])-[C](-[H])(-[H])-[C](-[H])(-[H])-[C](-[H])(-[H])-[C](-[H])(-[H])-[C](-[H])(-[H])-[O]-[H])-[C](-[H])=[C]-2-[H])-[C](-[H])=[C]-1-[H],Cc1ccc(N=C=O)cc1N=C=O.OCCCCCCOc1ccc(-c2ccc(OCCCCCCO)cc2)cc1,"['2,4-Diisocyanato-1-methylbenzene', '6-[4-[4-(6-hydroxyhexoxy)phenyl]phenoxy]hexan-1-ol']",[#8:1]=[#6:2]=[#7:3]-[*:4].[#8:5](-[*:6])-[#1:7]>>[#8:1]=[#6:2](-[#7:3](-[*:4])-[#1:7])-[#8:5]-[*:6],urethane,Cc1ccc(N=C=O)cc1N=C=O.OCCCCCCOc1ccc(-c2ccc(OCCCCCCO)cc2)cc1
polyurethane_isocyanate,LAlxLMbJdj_Yz6-xDYCoQw,[H]-[C]1=[C](-[H])-[C](-[H])=[C](-[C]2=[C](-[H])-[C](-[H])=[C](-[C]3=[C](-[H])-[C](-[C]4=[C](-[H])-[C](-[H])=[C](-[N]5-[C](=[O])-[C]6=[C](-[H])-[C](-[H])=[C](-[N]=[C]=[O])-[C](-[H])=[C]-6-[C]-5=[O])-[C](-[H])=[C]-4-[H])=[C](-[H])-[C](-[C]4=[C](-[H])-[C](-[H])=[C](-[N]5-[C](=[O])-[C]6=[C](-[H])-[C](-[H])=[C](-[N]=[C]=[O])-[C](-[H])=[C]-6-[C]-5=[O])-[C](-[H])=[C]-4-[H])=[C]-3-[H])-[C](-[H])=[C]-2-[H])-[C](-[H])=[C]-1-[H].[H]-[O]-[C]1=[C](-[H])-[C](-[H])=[C](-[C](-[C]2=[C](-[H])-[C](-[H])=[C](-[O]-[H])-[C](-[H])=[C]-2-[H])(-[C](-[H])(-[H])-[H])-[C](-[H])(-[H])-[H])-[C](-[H])=[C]-1-[H],CC(C)(c1ccc(O)cc1)c1ccc(O)cc1.O=C=Nc1ccc2c(c1)C(=O)N(c1ccc(-c3cc(-c4ccc(-c5ccccc5)cc4)cc(-c4ccc(N5C(=O)c6ccc(N=C=O)cc6C5=O)cc4)c3)cc1)C2=O,"[None, '4-[2-(4-hydroxyphenyl)propan-2-yl]phenol']",[#8:1]=[#6:2]=[#7:3]-[*:4].[#8:5](-[*:6])-[#1:7]>>[#8:1]=[#6:2](-[#7:3](-[*:4])-[#1:7])-[#8:5]-[*:6],urethane,CC(C)(c1ccc(O)cc1)c1ccc(O)cc1.O=C=Nc1ccc2c(c1)C(=O)N(c1ccc(-c3cc(-c4ccc(-c5ccccc5)cc4)cc(-c4ccc(N5C(=O)c6ccc(N=C=O)cc6C5=O)cc4)c3)cc1)C2=O
polyurethane_isocyanate,7KmzoF0QoasfP9k4h_B5GA,[H]-[C](=[C](-[H])-[C](-[H])(-[H])-[C](-[H])(-[N]=[C]=[O])-[C](-[H])(-[H])-[C](-[H])(-[H])-[C](-[H])(-[H])-[C](-[H])(-[H])-[C](-[H])(-[H])-[C](-[H])(-[H])-[H])-[C](-[H])(-[H])-[C](-[H])(-[H])-[C](-[H])(-[H])-[C](-[H])(-[H])-[C](-[H])(-[H])-[C](-[H])(-[H])-[C](-[H])(-[H])-[C](-[H])(-[H])-[N]=[C]=[O].[H]-[O]-[C](-[H])(-[H])-[C](-[H])(-[H])-[C](-[H])(-[H])-[C](-[H])(-[H])-[C](-[H])(-[H])-[C](-[H])(-[H])-[C](-[H])(-[H])-[C](-[H])(-[H])-[C](-[H])(-[H])-[C](-[H])(-[H])-[O]-[H],CCCCCCC(CC=CCCCCCCCCN=C=O)N=C=O.OCCCCCCCCCCO,"['1,12-diisocyanatooctadec-9-ene', 'Decane-1,10-diol']",[#8:1]=[#6:2]=[#7:3]-[*:4].[#8:5](-[*:6])-[#1:7]>>[#8:1]=[#6:2](-[#7:3](-[*:4])-[#1:7])-[#8:5]-[*:6],urethane,OCCCCCCCCCCO.CCCCCCC(CC=CCCCCCCCCN=C=O)N=C=O
polyurethane_isocyanate,uRAHWwAoCa9gCvfaOKqzTQ,[H]-[C](-[H])(-[N]=[C]=[O])-[C](-[H])(-[H])-[C](-[H])(-[H])-[C](-[H])(-[H])-[C](-[H])(-[H])-[C](-[H])(-[H])-[N]=[C]=[O].[H]-[O]-[C](-[H])(-[H])-[C](-[H])(-[H])-[C](-[H])(-[H])-[C](-[H])(-[H])-[C](-[H])(-[H])-[C](-[H])(-[H])-[C](-[H])(-[H])-[C](-[H])(-[H])-[C](-[H])(-[H])-[C](-[H])(-[H])-[O]-[H],O=C=NCCCCCCN=C=O.OCCCCCCCCCCO,"['1,6-Diisocyanatohexane', 'Decane-1,10-diol']",[#8:1]=[#6:2]=[#7:3]-[*:4].[#8:5](-[*:6])-[#1:7]>>[#8:1]=[#6:2](-[#7:3](-[*:4])-[#1:7])-[#8:5]-[*:6],urethane,O=C=NCCCCCCN=C=O.OCCCCCCCCCCO
polyurethane_isocyanate,9KLhR_Hcb_yo5PWSO2yS7A,[H]-[C](-[H])(-[N]=[C]=[O])-[C](-[H])(-[H])-[C](-[H])(-[H])-[C](-[H])(-[H])-[C](-[H])(-[H])-[C](-[H])(-[H])-[C](-[H])(-[H])-[C](-[H])(-[H])-[N]=[C]=[O].[H]-[O]-[C](-[H])(-[H])-[C](-[H])(-[H])-[C](-[H])(-[H])-[C](-[H])(-[H])-[C](-[H])(-[H])-[C](-[H])(-[H])-[C](-[H])(-[H])-[C](-[H])(-[H])-[C](-[H])(-[H])-[C](-[H])(-[H])-[O]-[H],O=C=NCCCCCCCCN=C=O.OCCCCCCCCCCO,"['1,8-Diisocyanatooctane', 'Decane-1,10-diol']",[#8:1]=[#6:2]=[#7:3]-[*:4].[#8:5](-[*:6])-[#1:7]>>[#8:1]=[#6:2](-[#7:3](-[*:4])-[#1:7])-[#8:5]-[*:6],urethane,OCCCCCCCCCCO.O=C=NCCCCCCCCN=C=O
polyurethane_isocyanate,RvtsQHyZPeZ-kq1na7dgpQ,[H]-[C](-[H])(-[H])-[C]1(-[C](-[H])(-[H])-[H])-[C](-[H])(-[H])-[C](-[H])(-[N]=[C]=[O])-[C](-[H])(-[H])-[C](-[C](-[H])(-[H])-[H])(-[C](-[H])(-[H])-[N]=[C]=[O])-[C]-1(-[H])-[H].[H]-[O]-[C](-[H])(-[H])-[C](-[H])(-[H])-[C](-[H])(-[H])-[C](-[H])(-[H])-[C](-[H])(-[H])-[C](-[H])(-[H])-[O]-[H],CC1(C)CC(N=C=O)CC(C)(CN=C=O)C1.OCCCCCCO,"['5-Isocyanato-1-(isocyanatomethyl)-1,3,3-trimethylcyclohexane', 'HEXANE-1,6-DIOL']",[#8:1]=[#6:2]=[#7:3]-[*:4].[#8:5](-[*:6])-[#1:7]>>[#8:1]=[#6:2](-[#7:3](-[*:4])-[#1:7])-[#8:5]-[*:6],urethane,OCCCCCCO.CC1(C)CC(N=C=O)CC(C)(CN=C=O)C1
polyurethane_isocyanate,sMJsnc3Joc80wA6bPWPNZQ,[H]-[C]1(-[H])-[C](-[H])(-[H])-[C](-[H])(-[N]=[C]=[O])-[C](-[H])(-[H])-[C](-[H])(-[H])-[C]-1(-[H])-[N]=[C]=[O].[H]-[O]-[C](-[H])(-[H])-[C](-[H])(-[H])-[C](-[H])(-[H])-[C](-[H])(-[H])-[C](-[H])(-[H])-[C](-[H])(-[H])-[O]-[H],O=C=NC1CCC(N=C=O)CC1.OCCCCCCO,"['1,4-Diisocyanatocyclohexane', 'HEXANE-1,6-DIOL']",[#8:1]=[#6:2]=[#7:3]-[*:4].[#8:5](-[*:6])-[#1:7]>>[#8:1]=[#6:2](-[#7:3](-[*:4])-[#1:7])-[#8:5]-[*:6],urethane,OCCCCCCO.O=C=NC1CCC(N=C=O)CC1
polyurethane_isocyanate,FsyZp_t-y14gkIDVsBwMPw,[H]-[C](-[H])(-[N]=[C]=[O])-[C](-[H])(-[H])-[C](-[H])(-[H])-[C](-[H])(-[H])-[C](-[H])(-[H])-[C](-[H])(-[H])-[N]=[C]=[O].[H]-[O]-[C]1(-[H])-[C](-[H])(-[H])-[C](-[H])(-[H])-[C](-[H])(-[O]-[H])-[C](-[H])(-[H])-[C]-1(-[H])-[H],O=C=NCCCCCCN=C=O.OC1CCC(O)CC1,"['1,6-Diisocyanatohexane', 'Cyclohexane-1,4-diol']",[#8:1]=[#6:2]=[#7:3]-[*:4].[#8:5](-[*:6])-[#1:7]>>[#8:1]=[#6:2](-[#7:3](-[*:4])-[#1:7])-[#8:5]-[*:6],urethane,OC1CCC(O)CC1.O=C=NCCCCCCN=C=O
polyurethane_isocyanate,gDL7GxxvfR6_T7JjsexudQ,[H]-[C](-[H])(-[N]=[C]=[O])-[C](-[H])(-[H])-[C](-[H])(-[H])-[C](-[H])(-[H])-[N]=[C]=[O].[H]-[O]-[C](-[H])(-[H])-[C](-[C](-[H])(-[H])-[H])(-[C](-[H])(-[H])-[O]-[H])-[C](-[H])(-[H])-[N](-[C](-[H])(-[H])-[H])-[C](-[H])(-[H])-[H],CN(C)CC(C)(CO)CO.O=C=NCCCCN=C=O,"['1,4-diisocyanatobutane', '2-(dimethylaminomethyl)-2-methylpropane-1,3-diol']",[#8:1]=[#6:2]=[#7:3]-[*:4].[#8:5](-[*:6])-[#1:7]>>[#8:1]=[#6:2](-[#7:3](-[*:4])-[#1:7])-[#8:5]-[*:6],urethane,O=C=NCCCCN=C=O.CN(C)CC(C)(CO)CO
polyurethane_isocyanate,P5C-LbeHgqMjesy_XhII9A,[H]-[C]1=[C](-[H])-[C](-[H])=[C](-[C]2=[C](-[H])-[C](-[H])=[C](-[C]3=[C](-[H])-[C](-[C]4=[C](-[H])-[C](-[H])=[C](-[N]5-[C](=[O])-[C]6=[C](-[H])-[C](-[H])=[C](-[N]=[C]=[O])-[C](-[H])=[C]-6-[C]-5=[O])-[C](-[H])=[C]-4-[H])=[C](-[H])-[C](-[C]4=[C](-[H])-[C](-[H])=[C](-[N]5-[C](=[O])-[C]6=[C](-[H])-[C](-[H])=[C](-[N]=[C]=[O])-[C](-[H])=[C]-6-[C]-5=[O])-[C](-[H])=[C]-4-[H])=[C]-3-[H])-[C](-[H])=[C]-2-[H])-[C](-[H])=[C]-1-[H].[H]-[O]-[C]1=[C](-[H])-[C](-[H])=[C](-[H])-[C](-[H])=[C]-1-[C]1=[C](-[H])-[C](-[H])=[C](-[H])-[C](-[H])=[C]-1-[O]-[H],O=C=Nc1ccc2c(c1)C(=O)N(c1ccc(-c3cc(-c4ccc(-c5ccccc5)cc4)cc(-c4ccc(N5C(=O)c6ccc(N=C=O)cc6C5=O)cc4)c3)cc1)C2=O.Oc1ccccc1-c1ccccc1O,"[None, '2-(2-hydroxyphenyl)phenol']",[#8:1]=[#6:2]=[#7:3]-[*:4].[#8:5](-[*:6])-[#1:7]>>[#8:1]=[#6:2](-[#7:3](-[*:4])-[#1:7])-[#8:5]-[*:6],urethane,Oc1ccccc1-c1ccccc1O.O=C=Nc1ccc2c(c1)C(=O)N(c1ccc(-c3cc(-c4ccc(-c5ccccc5)cc4)cc(-c4ccc(N5C(=O)c6ccc(N=C=O)cc6C5=O)cc4)c3)cc1)C2=O
polyurethane_isocyanate,gY6V1-UHX6G_zFY7My9sKA,[H]-[C](-[H])(-[N]=[C]=[O])-[C](-[H])(-[H])-[C](-[H])(-[H])-[C](-[H])(-[H])-[C](-[H])(-[H])-[C](-[H])(-[H])-[N]=[C]=[O].[H]-[O]-[C](-[H])(-[H])-[C](-[H])(-[H])-[C](-[H])(-[H])-[C](-[H])(-[H])-[C](-[H])(-[H])-[C](-[H])(-[H])-[O]-[H],O=C=NCCCCCCN=C=O.OCCCCCCO,"['1,6-Diisocyanatohexane', 'HEXANE-1,6-DIOL']",[#8:1]=[#6:2]=[#7:3]-[*:4].[#8:5](-[*:6])-[#1:7]>>[#8:1]=[#6:2](-[#7:3](-[*:4])-[#1:7])-[#8:5]-[*:6],urethane,OCCCCCCO.O=C=NCCCCCCN=C=O
polyurethane_isocyanate,CrOScU8xBe76G9vvTa5HgA,[H]-[C]1=[C](-[N]=[C]=[O])-[C](-[H])=[C](-[H])-[C](-[C](-[H])(-[H])-[C]2=[C](-[H])-[C](-[H])=[C](-[N]=[C]=[O])-[C](-[H])=[C]-2-[H])=[C]-1-[H].[H]-[O]-[C](-[H])(-[H])-[C](-[H])(-[H])-[O]-[H],O=C=Nc1ccc(Cc2ccc(N=C=O)cc2)cc1.OCCO,"['1-isocyanato-4-[(4-isocyanatophenyl)methyl]benzene', 'Ethane-1,2-diol']",[#8:1]=[#6:2]=[#7:3]-[*:4].[#8:5](-[*:6])-[#1:7]>>[#8:1]=[#6:2](-[#7:3](-[*:4])-[#1:7])-[#8:5]-[*:6],urethane,OCCO.O=C=Nc1ccc(Cc2ccc(N=C=O)cc2)cc1
polyurethane_isocyanate,yjU1SBlPBhkC6xhjiVT9-g,[H]-[C](-[H])(-[N]=[C]=[O])-[C](-[H])(-[H])-[C](-[H])(-[H])-[C](-[H])(-[H])-[C](-[H])(-[H])-[C](-[H])(-[H])-[N]=[C]=[O].[H]-[O]-[C](-[H])(-[H])-[C](-[H])(-[H])-[C](-[H])(-[H])-[C](-[H])(-[H])-[O]-[H],O=C=NCCCCCCN=C=O.OCCCCO,"['1,6-Diisocyanatohexane', 'Butane-1,4-diol']",[#8:1]=[#6:2]=[#7:3]-[*:4].[#8:5](-[*:6])-[#1:7]>>[#8:1]=[#6:2](-[#7:3](-[*:4])-[#1:7])-[#8:5]-[*:6],urethane,OCCCCO.O=C=NCCCCCCN=C=O
polyurethane_isocyanate,WxHoFQhYXdUbNLa4uRZZ5Q,[H]-[C](-[H])(-[N]=[C]=[O])-[C](-[H])(-[H])-[C](-[H])(-[H])-[C](-[H])(-[H])-[C](-[H])(-[H])-[C](-[H])(-[H])-[N]=[C]=[O].[H]-[O]-[C](-[H])(-[H])-[C](-[H])(-[H])-[O]-[H],O=C=NCCCCCCN=C=O.OCCO,"['1,6-Diisocyanatohexane', 'Ethane-1,2-diol']",[#8:1]=[#6:2]=[#7:3]-[*:4].[#8:5](-[*:6])-[#1:7]>>[#8:1]=[#6:2](-[#7:3](-[*:4])-[#1:7])-[#8:5]-[*:6],urethane,OCCO.O=C=NCCCCCCN=C=O
polyurethane_isocyanate,E0pcQoLp3ltjWNM_7Z2j5A,[H]-[C](-[H])(-[H])-[C]1(-[C](-[H])(-[H])-[H])-[C](-[H])(-[H])-[C](-[H])(-[N]=[C]=[O])-[C](-[H])(-[H])-[C](-[C](-[H])(-[H])-[H])(-[C](-[H])(-[H])-[N]=[C]=[O])-[C]-1(-[H])-[H].[H]-[O]-[C](-[H])(-[H])-[C]1(-[H])-[C](-[H])(-[H])-[C](-[H])(-[H])-[C](-[H])(-[C](-[H])(-[H])-[O]-[H])-[C](-[H])(-[H])-[C]-1(-[H])-[H],CC1(C)CC(N=C=O)CC(C)(CN=C=O)C1.OCC1CCC(CO)CC1,"['5-Isocyanato-1-(isocyanatomethyl)-1,3,3-trimethylcyclohexane', '[4-(hydroxymethyl)cyclohexyl]methanol']",[#8:1]=[#6:2]=[#7:3]-[*:4].[#8:5](-[*:6])-[#1:7]>>[#8:1]=[#6:2](-[#7:3](-[*:4])-[#1:7])-[#8:5]-[*:6],urethane,OCC1CCC(CO)CC1.CC1(C)CC(N=C=O)CC(C)(CN=C=O)C1
